{
  "url": "https://www.gsb.stanford.edu/alumni/education-lifelong-learning",
  "requestedUrl": "https://www.gsb.stanford.edu/alumni/education-lifelong-learning",
  "timestamp": 1661819257105,
  "ranks": {
    "hundos": 10,
    "performance": 10,
    "accessibility": 9,
    "cumulative": 10
  },
  "lighthouse": {
    "version": "9.6.6",
    "performance": 0.22,
    "accessibility": 0.9,
    "bestPractices": 0.92,
    "seo": 0.85,
    "total": 289
  },
  "firstContentfulPaint": 3019.0720000000006,
  "firstMeaningfulPaint": 3019.0720000000006,
  "speedIndex": 15664.261806603447,
  "largestContentfulPaint": 16414.489500000003,
  "totalBlockingTime": 2066.000000000002,
  "cumulativeLayoutShift": 0,
  "timeToInteractive": 20753.411000000007,
  "maxPotentialFirstInputDelay": 1095.0000000000018,
  "timeToFirstByte": 4314.464999999999,
  "weight": {
    "summary": "230 requests • 4,289 KiB",
    "total": 4391623,
    "image": 2645727,
    "imageCount": 47,
    "script": 1356571,
    "scriptCount": 41,
    "document": 109504,
    "font": 101376,
    "fontCount": 5,
    "stylesheet": 166544,
    "stylesheetCount": 104,
    "thirdParty": 1304521,
    "thirdPartyCount": 94
  },
  "run": {
    "number": 1,
    "total": 3
  },
  "sidequests": {
    "-weight.total": 11,
    "+weight.total": 1,
    "-weight.document": 10,
    "+weight.document": 2,
    "-weight.script": 6,
    "+weight.script": 6,
    "-weight.image": 11,
    "+weight.image": 1,
    "-weight.font": 4,
    "+weight.font": 8,
    "+weight.fontCount": 4,
    "-timeToFirstByte": 11,
    "-totalBlockingTime": 6,
    "-largestContentfulPaint": 11
  },
  "axe": {
    "passes": 1325,
    "violations": 22
  }
}