{
  "url": "https://www.gsb.stanford.edu/alumni/education-lifelong-learning",
  "requestedUrl": "https://www.gsb.stanford.edu/alumni/education-lifelong-learning",
  "timestamp": 1661829709492,
  "ranks": {
    "hundos": 9,
    "performance": 10,
    "accessibility": 8,
    "cumulative": 9
  },
  "lighthouse": {
    "version": "9.6.6",
    "performance": 0.22,
    "accessibility": 0.9,
    "bestPractices": 0.92,
    "seo": 0.85,
    "total": 289
  },
  "firstContentfulPaint": 3270.9570000000012,
  "firstMeaningfulPaint": 3270.9570000000012,
  "speedIndex": 10002.949328029004,
  "largestContentfulPaint": 16856.306,
  "totalBlockingTime": 2011,
  "cumulativeLayoutShift": 0,
  "timeToInteractive": 20626.7925,
  "maxPotentialFirstInputDelay": 1083,
  "timeToFirstByte": 61.10799999999999,
  "weight": {
    "summary": "230 requests • 4,288 KiB",
    "total": 4391380,
    "image": 2645343,
    "imageCount": 47,
    "script": 1356682,
    "scriptCount": 41,
    "document": 109406,
    "font": 101306,
    "fontCount": 5,
    "stylesheet": 166235,
    "stylesheetCount": 104,
    "thirdParty": 1304648,
    "thirdPartyCount": 94
  },
  "run": {
    "number": 1,
    "total": 2
  },
  "sidequests": {
    "-weight.total": 10,
    "+weight.total": 1,
    "-weight.document": 9,
    "+weight.document": 2,
    "-weight.script": 7,
    "+weight.script": 4,
    "-weight.image": 10,
    "+weight.image": 1,
    "-weight.font": 3,
    "+weight.font": 8,
    "+weight.fontCount": 3,
    "-timeToFirstByte": 6,
    "-totalBlockingTime": 6,
    "-largestContentfulPaint": 10
  },
  "axe": {
    "passes": 1325,
    "violations": 22
  }
}