{
  "url": "https://www.gsb.stanford.edu/faculty-research/faculty/matt-forrest-abrahams",
  "requestedUrl": "https://www.gsb.stanford.edu/faculty-research/faculty/matt-forrest-abrahams",
  "timestamp": 1661818211947,
  "ranks": {
    "hundos": 11,
    "performance": 10,
    "accessibility": 11,
    "cumulative": 11
  },
  "lighthouse": {
    "version": "9.6.6",
    "performance": 0.23,
    "accessibility": 0.87,
    "bestPractices": 0.83,
    "seo": 0.79,
    "total": 272
  },
  "firstContentfulPaint": 2718.55,
  "firstMeaningfulPaint": 2718.55,
  "speedIndex": 13700.976121596346,
  "largestContentfulPaint": 13156.015,
  "totalBlockingTime": 2638.999999999998,
  "cumulativeLayoutShift": 0,
  "timeToInteractive": 17141.19849999999,
  "maxPotentialFirstInputDelay": 1233,
  "timeToFirstByte": 4390.284,
  "weight": {
    "summary": "187 requests • 1,688 KiB",
    "total": 1728131,
    "image": 29204,
    "imageCount": 40,
    "script": 1332905,
    "scriptCount": 38,
    "document": 113925,
    "font": 126012,
    "fontCount": 6,
    "stylesheet": 113727,
    "stylesheetCount": 71,
    "thirdParty": 1299041,
    "thirdPartyCount": 91
  },
  "run": {
    "number": 3,
    "total": 3
  },
  "sidequests": {
    "-weight.total": 1,
    "+weight.total": 13,
    "-weight.document": 8,
    "+weight.document": 6,
    "-weight.script": 3,
    "+weight.script": 11,
    "-weight.image": 3,
    "+weight.image": 11,
    "-weight.font": 9,
    "+weight.font": 4,
    "+weight.fontCount": 4,
    "-timeToFirstByte": 10,
    "-totalBlockingTime": 7,
    "-largestContentfulPaint": 11
  },
  "axe": {
    "passes": 1624,
    "violations": 22
  }
}