{
  "url": "https://www.gsb.stanford.edu/faculty-research/faculty/matt-forrest-abrahams",
  "requestedUrl": "https://www.gsb.stanford.edu/faculty-research/faculty/matt-forrest-abrahams",
  "timestamp": 1661816092048,
  "ranks": {
    "hundos": 11,
    "performance": 9,
    "accessibility": 11,
    "cumulative": 11
  },
  "lighthouse": {
    "version": "9.6.6",
    "performance": 0.25,
    "accessibility": 0.87,
    "bestPractices": 0.83,
    "seo": 0.79,
    "total": 274
  },
  "firstContentfulPaint": 2722.702,
  "firstMeaningfulPaint": 2722.702,
  "speedIndex": 7930.562618947861,
  "largestContentfulPaint": 13296.041,
  "totalBlockingTime": 2489,
  "cumulativeLayoutShift": 0,
  "timeToInteractive": 17061.5965,
  "maxPotentialFirstInputDelay": 1127,
  "timeToFirstByte": 47.394000000000005,
  "weight": {
    "summary": "187 requests • 1,683 KiB",
    "total": 1723784,
    "image": 27948,
    "imageCount": 40,
    "script": 1331369,
    "scriptCount": 38,
    "document": 113755,
    "font": 125700,
    "fontCount": 6,
    "stylesheet": 113723,
    "stylesheetCount": 71,
    "thirdParty": 1294880,
    "thirdPartyCount": 91
  },
  "run": {
    "number": 1,
    "total": 3
  },
  "sidequests": {
    "-weight.total": 1,
    "+weight.total": 13,
    "-weight.document": 8,
    "+weight.document": 6,
    "-weight.script": 1,
    "+weight.script": 13,
    "-weight.image": 3,
    "+weight.image": 11,
    "-weight.font": 5,
    "+weight.font": 8,
    "+weight.fontCount": 4,
    "-timeToFirstByte": 10,
    "-totalBlockingTime": 5,
    "-largestContentfulPaint": 12
  },
  "axe": {
    "passes": 1624,
    "violations": 22
  }
}