{
  "url": "https://www.gsb.stanford.edu/alumni",
  "requestedUrl": "https://www.gsb.stanford.edu/alumni",
  "timestamp": 1661822928113,
  "ranks": {
    "hundos": 5,
    "performance": 5,
    "accessibility": 3,
    "cumulative": 5
  },
  "lighthouse": {
    "version": "9.6.6",
    "performance": 0.24,
    "accessibility": 1,
    "bestPractices": 0.92,
    "seo": 0.93,
    "total": 309
  },
  "firstContentfulPaint": 2973.692,
  "firstMeaningfulPaint": 2973.692,
  "speedIndex": 11076.949030591513,
  "largestContentfulPaint": 4132.692,
  "totalBlockingTime": 2407,
  "cumulativeLayoutShift": 0.3324383777515081,
  "timeToInteractive": 19820.37329290772,
  "maxPotentialFirstInputDelay": 1015.9999999999991,
  "timeToFirstByte": 12.292,
  "weight": {
    "summary": "220 requests • 2,851 KiB",
    "total": 2919175,
    "image": 591711,
    "imageCount": 38,
    "script": 1705096,
    "scriptCount": 49,
    "document": 115231,
    "font": 129455,
    "fontCount": 7,
    "stylesheet": 247787,
    "stylesheetCount": 106,
    "thirdParty": 2470557,
    "thirdPartyCount": 97
  },
  "run": {
    "number": 3,
    "total": 3
  },
  "sidequests": {
    "-weight.total": 5,
    "+weight.total": 3,
    "-weight.document": 6,
    "+weight.document": 2,
    "-weight.script": 6,
    "+weight.script": 2,
    "-weight.image": 4,
    "+weight.image": 4,
    "-weight.font": 6,
    "+weight.font": 2,
    "+weight.fontCount": 1,
    "-timeToFirstByte": 1,
    "-totalBlockingTime": 6,
    "-largestContentfulPaint": 2
  },
  "axe": {
    "passes": 1322,
    "violations": 31
  }
}