{
  "url": "https://www.gsb.stanford.edu/alumni",
  "requestedUrl": "https://www.gsb.stanford.edu/alumni",
  "timestamp": 1661818792785,
  "ranks": {
    "hundos": 5,
    "performance": 5,
    "accessibility": 3,
    "cumulative": 5
  },
  "lighthouse": {
    "version": "9.6.6",
    "performance": 0.22,
    "accessibility": 1,
    "bestPractices": 0.92,
    "seo": 0.93,
    "total": 307
  },
  "firstContentfulPaint": 3079.389,
  "firstMeaningfulPaint": 3079.389,
  "speedIndex": 16306.642099491197,
  "largestContentfulPaint": 4172.389,
  "totalBlockingTime": 2844.430499999995,
  "cumulativeLayoutShift": 0.3324383777515081,
  "timeToInteractive": 20495.237,
  "maxPotentialFirstInputDelay": 1126,
  "timeToFirstByte": 4037.4750000000004,
  "weight": {
    "summary": "225 requests • 2,870 KiB",
    "total": 2938433,
    "image": 591770,
    "imageCount": 38,
    "script": 1720220,
    "scriptCount": 51,
    "document": 119991,
    "font": 129364,
    "fontCount": 7,
    "stylesheet": 247206,
    "stylesheetCount": 106,
    "thirdParty": 2485739,
    "thirdPartyCount": 102
  },
  "run": {
    "number": 2,
    "total": 3
  },
  "sidequests": {
    "-weight.total": 5,
    "+weight.total": 3,
    "-weight.document": 7,
    "+weight.document": 1,
    "-weight.script": 6,
    "+weight.script": 2,
    "-weight.image": 4,
    "+weight.image": 4,
    "-weight.font": 6,
    "+weight.font": 2,
    "+weight.fontCount": 1,
    "-timeToFirstByte": 6,
    "-totalBlockingTime": 6,
    "-largestContentfulPaint": 2
  },
  "axe": {
    "passes": 1322,
    "violations": 31
  }
}