{
  "url": "https://www.gsb.stanford.edu/experience/life/international-students",
  "requestedUrl": "https://www.gsb.stanford.edu/experience/life/international-students",
  "timestamp": 1661829871133,
  "ranks": {
    "hundos": 5,
    "performance": 1,
    "accessibility": 7,
    "cumulative": 5
  },
  "lighthouse": {
    "version": "9.6.6",
    "performance": 0.42,
    "accessibility": 0.91,
    "bestPractices": 0.92,
    "seo": 0.86,
    "total": 311
  },
  "firstContentfulPaint": 2910.684000000001,
  "firstMeaningfulPaint": 2910.684000000001,
  "speedIndex": 7008.451229539112,
  "largestContentfulPaint": 3515.348000000002,
  "totalBlockingTime": 1805.5,
  "cumulativeLayoutShift": 0,
  "timeToInteractive": 16701.888999999996,
  "maxPotentialFirstInputDelay": 909,
  "timeToFirstByte": 3.125,
  "weight": {
    "summary": "209 requests • 1,817 KiB",
    "total": 1860870,
    "image": 185051,
    "imageCount": 41,
    "script": 1314377,
    "scriptCount": 38,
    "document": 104726,
    "font": 101334,
    "fontCount": 5,
    "stylesheet": 143253,
    "stylesheetCount": 93,
    "thirdParty": 1297874,
    "thirdPartyCount": 91
  },
  "run": {
    "number": 2,
    "total": 2
  },
  "sidequests": {
    "-weight.total": 5,
    "+weight.total": 6,
    "-weight.document": 8,
    "+weight.document": 3,
    "-weight.script": 2,
    "+weight.script": 9,
    "-weight.image": 5,
    "+weight.image": 6,
    "-weight.font": 5,
    "+weight.font": 6,
    "+weight.fontCount": 3,
    "-timeToFirstByte": 2,
    "-totalBlockingTime": 2,
    "-largestContentfulPaint": 2
  },
  "axe": {
    "passes": 1015,
    "violations": 19
  }
}