{
  "url": "https://www.gsb.stanford.edu/experience/life/international-students",
  "requestedUrl": "https://www.gsb.stanford.edu/experience/life/international-students",
  "timestamp": 1661819751208,
  "ranks": {
    "hundos": 3,
    "performance": 1,
    "accessibility": 8,
    "cumulative": 3
  },
  "lighthouse": {
    "version": "9.6.6",
    "performance": 0.43,
    "accessibility": 0.91,
    "bestPractices": 0.92,
    "seo": 0.86,
    "total": 312
  },
  "firstContentfulPaint": 2844.483,
  "firstMeaningfulPaint": 2844.483,
  "speedIndex": 7532.089822189018,
  "largestContentfulPaint": 3466.4390000000003,
  "totalBlockingTime": 1692.291000000003,
  "cumulativeLayoutShift": 0,
  "timeToInteractive": 16590.8485,
  "maxPotentialFirstInputDelay": 844,
  "timeToFirstByte": 801.61,
  "weight": {
    "summary": "209 requests • 1,819 KiB",
    "total": 1863018,
    "image": 185098,
    "imageCount": 41,
    "script": 1315651,
    "scriptCount": 38,
    "document": 104779,
    "font": 101397,
    "fontCount": 5,
    "stylesheet": 143994,
    "stylesheetCount": 93,
    "thirdParty": 1298966,
    "thirdPartyCount": 91
  },
  "run": {
    "number": 3,
    "total": 3
  },
  "sidequests": {
    "-weight.total": 5,
    "+weight.total": 7,
    "-weight.document": 9,
    "+weight.document": 3,
    "-weight.script": 2,
    "+weight.script": 10,
    "-weight.image": 5,
    "+weight.image": 7,
    "-weight.font": 7,
    "+weight.font": 5,
    "+weight.fontCount": 4,
    "-timeToFirstByte": 4,
    "-totalBlockingTime": 1,
    "-largestContentfulPaint": 1
  },
  "axe": {
    "passes": 1015,
    "violations": 19
  }
}