{
  "url": "https://www.gsb.stanford.edu/experience/life/international-students",
  "requestedUrl": "https://www.gsb.stanford.edu/experience/life/international-students",
  "timestamp": 1661823331382,
  "ranks": {
    "hundos": 5,
    "performance": 3,
    "accessibility": 7,
    "cumulative": 5
  },
  "lighthouse": {
    "version": "9.6.6",
    "performance": 0.39,
    "accessibility": 0.91,
    "bestPractices": 0.92,
    "seo": 0.86,
    "total": 308
  },
  "firstContentfulPaint": 2921.773,
  "firstMeaningfulPaint": 2921.773,
  "speedIndex": 6909.068683735516,
  "largestContentfulPaint": 4041.7290000000003,
  "totalBlockingTime": 1689.621000000002,
  "cumulativeLayoutShift": 0,
  "timeToInteractive": 16143.032500000001,
  "maxPotentialFirstInputDelay": 915,
  "timeToFirstByte": 14.248999999999995,
  "weight": {
    "summary": "209 requests • 1,816 KiB",
    "total": 1859886,
    "image": 183649,
    "imageCount": 41,
    "script": 1314907,
    "scriptCount": 38,
    "document": 104561,
    "font": 101437,
    "fontCount": 5,
    "stylesheet": 144042,
    "stylesheetCount": 93,
    "thirdParty": 1295769,
    "thirdPartyCount": 91
  },
  "run": {
    "number": 2,
    "total": 3
  },
  "sidequests": {
    "-weight.total": 5,
    "+weight.total": 6,
    "-weight.document": 8,
    "+weight.document": 3,
    "-weight.script": 2,
    "+weight.script": 9,
    "-weight.image": 5,
    "+weight.image": 6,
    "-weight.font": 7,
    "+weight.font": 4,
    "+weight.fontCount": 3,
    "-timeToFirstByte": 4,
    "-totalBlockingTime": 1,
    "-largestContentfulPaint": 4
  },
  "axe": {
    "passes": 1015,
    "violations": 19
  }
}