{
  "url": "https://www.gsb.stanford.edu/faculty-research/faculty/jennifer-aaker",
  "requestedUrl": "https://www.gsb.stanford.edu/faculty-research/faculty/jennifer-aaker",
  "timestamp": 1661817746721,
  "ranks": {
    "hundos": 13,
    "performance": 13,
    "accessibility": 12,
    "cumulative": 13
  },
  "lighthouse": {
    "version": "9.6.6",
    "performance": 0.21,
    "accessibility": 0.87,
    "bestPractices": 0.83,
    "seo": 0.79,
    "total": 270
  },
  "firstContentfulPaint": 2887.9859999999994,
  "firstMeaningfulPaint": 2965.6619999999994,
  "speedIndex": 18575.907440902884,
  "largestContentfulPaint": 12929.379,
  "totalBlockingTime": 3499.0000000000014,
  "cumulativeLayoutShift": 0,
  "timeToInteractive": 18727.8165,
  "maxPotentialFirstInputDelay": 1397,
  "timeToFirstByte": 6412.964999999999,
  "weight": {
    "summary": "188 requests • 1,702 KiB",
    "total": 1742465,
    "image": 27646,
    "imageCount": 38,
    "script": 1332386,
    "scriptCount": 38,
    "document": 129883,
    "font": 125738,
    "fontCount": 6,
    "stylesheet": 114969,
    "stylesheetCount": 72,
    "thirdParty": 1298056,
    "thirdPartyCount": 91
  },
  "run": {
    "number": 2,
    "total": 3
  },
  "sidequests": {
    "-weight.total": 2,
    "+weight.total": 12,
    "-weight.document": 10,
    "+weight.document": 4,
    "-weight.script": 2,
    "+weight.script": 12,
    "-weight.image": 2,
    "+weight.image": 12,
    "-weight.font": 7,
    "+weight.font": 6,
    "+weight.fontCount": 4,
    "-timeToFirstByte": 13,
    "-totalBlockingTime": 10,
    "-largestContentfulPaint": 10
  },
  "axe": {
    "passes": 2481,
    "violations": 23
  }
}