{
  "url": "https://www.gsb.stanford.edu/programs/mba/academic-experience/global-experiences",
  "requestedUrl": "https://www.gsb.stanford.edu/programs/mba/academic-experience/global-experiences",
  "timestamp": 1661828961577,
  "ranks": {
    "hundos": 4,
    "performance": 6,
    "accessibility": 5,
    "cumulative": 4
  },
  "lighthouse": {
    "version": "9.6.6",
    "performance": 0.33,
    "accessibility": 1,
    "bestPractices": 0.92,
    "seo": 0.93,
    "total": 318
  },
  "firstContentfulPaint": 2911.5589999999993,
  "firstMeaningfulPaint": 2911.5589999999993,
  "speedIndex": 14204.218591308074,
  "largestContentfulPaint": 3980.7889999999993,
  "totalBlockingTime": 8908.5,
  "cumulativeLayoutShift": 0,
  "timeToInteractive": 30214.082499999997,
  "maxPotentialFirstInputDelay": 1953,
  "timeToFirstByte": 4.693000000000001,
  "weight": {
    "summary": "297 requests • 4,015 KiB",
    "total": 4111593,
    "image": 325938,
    "imageCount": 46,
    "script": 3157747,
    "scriptCount": 60,
    "document": 165706,
    "font": 205994,
    "fontCount": 33,
    "stylesheet": 212822,
    "stylesheetCount": 111,
    "thirdParty": 3551242,
    "thirdPartyCount": 170
  },
  "run": {
    "number": 2,
    "total": 2
  },
  "sidequests": {
    "-weight.total": 7,
    "+weight.total": 1,
    "-weight.document": 7,
    "+weight.document": 1,
    "-weight.script": 7,
    "+weight.script": 1,
    "-weight.image": 7,
    "+weight.image": 1,
    "-weight.font": 7,
    "+weight.font": 1,
    "+weight.fontCount": 1,
    "-timeToFirstByte": 1,
    "-totalBlockingTime": 7,
    "-largestContentfulPaint": 3
  },
  "axe": {
    "passes": 1186,
    "violations": 18
  }
}