{
  "url": "https://www.gsb.stanford.edu/programs/mba/academic-experience/global-experiences",
  "requestedUrl": "https://www.gsb.stanford.edu/programs/mba/academic-experience/global-experiences",
  "timestamp": 1661818006730,
  "ranks": {
    "hundos": 3,
    "performance": 7,
    "accessibility": 6,
    "cumulative": 4
  },
  "lighthouse": {
    "version": "9.6.6",
    "performance": 0.35,
    "accessibility": 1,
    "bestPractices": 0.92,
    "seo": 0.93,
    "total": 320
  },
  "firstContentfulPaint": 3008.9100000000008,
  "firstMeaningfulPaint": 3008.9100000000008,
  "speedIndex": 15250.076230750345,
  "largestContentfulPaint": 3630.5380000000014,
  "totalBlockingTime": 6555.258999999993,
  "cumulativeLayoutShift": 0,
  "timeToInteractive": 26115.072999999993,
  "maxPotentialFirstInputDelay": 1805,
  "timeToFirstByte": 35.218999999999994,
  "weight": {
    "summary": "296 requests • 4,014 KiB",
    "total": 4110399,
    "image": 330786,
    "imageCount": 46,
    "script": 3157839,
    "scriptCount": 60,
    "document": 160544,
    "font": 205956,
    "fontCount": 33,
    "stylesheet": 212650,
    "stylesheetCount": 111,
    "thirdParty": 3555357,
    "thirdPartyCount": 169
  },
  "run": {
    "number": 3,
    "total": 3
  },
  "sidequests": {
    "-weight.total": 13,
    "+weight.total": 1,
    "-weight.document": 13,
    "+weight.document": 1,
    "-weight.script": 13,
    "+weight.script": 1,
    "-weight.image": 11,
    "+weight.image": 3,
    "-weight.font": 12,
    "+weight.font": 1,
    "+weight.fontCount": 1,
    "-timeToFirstByte": 5,
    "-totalBlockingTime": 13,
    "-largestContentfulPaint": 1
  },
  "axe": {
    "passes": 1180,
    "violations": 18
  }
}