{
  "url": "https://www.gsb.stanford.edu/programs/mba/academic-experience/global-experiences",
  "requestedUrl": "https://www.gsb.stanford.edu/programs/mba/academic-experience/global-experiences",
  "timestamp": 1661821928480,
  "ranks": {
    "hundos": 4,
    "performance": 6,
    "accessibility": 5,
    "cumulative": 4
  },
  "lighthouse": {
    "version": "9.6.6",
    "performance": 0.35,
    "accessibility": 1,
    "bestPractices": 0.92,
    "seo": 0.93,
    "total": 320
  },
  "firstContentfulPaint": 2987.5209999999993,
  "firstMeaningfulPaint": 2987.5209999999993,
  "speedIndex": 14531.771004149441,
  "largestContentfulPaint": 3621.304999999999,
  "totalBlockingTime": 6579.499999999998,
  "cumulativeLayoutShift": 0,
  "timeToInteractive": 26610.4645,
  "maxPotentialFirstInputDelay": 1762,
  "timeToFirstByte": 49.112,
  "weight": {
    "summary": "307 requests • 4,010 KiB",
    "total": 4106644,
    "image": 326072,
    "imageCount": 46,
    "script": 3157616,
    "scriptCount": 60,
    "document": 160554,
    "font": 206310,
    "fontCount": 44,
    "stylesheet": 213255,
    "stylesheetCount": 112,
    "thirdParty": 3551238,
    "thirdPartyCount": 179
  },
  "run": {
    "number": 1,
    "total": 3
  },
  "sidequests": {
    "-weight.total": 7,
    "+weight.total": 1,
    "-weight.document": 7,
    "+weight.document": 1,
    "-weight.script": 7,
    "+weight.script": 1,
    "-weight.image": 7,
    "+weight.image": 1,
    "-weight.font": 7,
    "+weight.font": 1,
    "+weight.fontCount": 1,
    "-timeToFirstByte": 4,
    "-totalBlockingTime": 7,
    "-largestContentfulPaint": 1
  },
  "axe": {
    "passes": 1180,
    "violations": 18
  }
}