{
  "url": "https://www.gsb.stanford.edu/alumni/news/voices",
  "requestedUrl": "https://www.gsb.stanford.edu/alumni/news/voices",
  "timestamp": 1661818708649,
  "ranks": {
    "hundos": 9,
    "performance": 10,
    "accessibility": 10,
    "cumulative": 9
  },
  "lighthouse": {
    "version": "9.6.6",
    "performance": 0.21,
    "accessibility": 0.9,
    "bestPractices": 0.92,
    "seo": 0.86,
    "total": 289
  },
  "firstContentfulPaint": 3132.4039999999986,
  "firstMeaningfulPaint": 3160.5689999999986,
  "speedIndex": 8843.883577103488,
  "largestContentfulPaint": 14705.307999999997,
  "totalBlockingTime": 4561.499999999999,
  "cumulativeLayoutShift": 0,
  "timeToInteractive": 18984.482999999993,
  "maxPotentialFirstInputDelay": 2180,
  "timeToFirstByte": 61.20400000000001,
  "weight": {
    "summary": "213 requests • 1,782 KiB",
    "total": 1825025,
    "image": 96770,
    "imageCount": 39,
    "script": 1356138,
    "scriptCount": 41,
    "document": 97772,
    "font": 101344,
    "fontCount": 5,
    "stylesheet": 161687,
    "stylesheetCount": 95,
    "thirdParty": 1302616,
    "thirdPartyCount": 94
  },
  "run": {
    "number": 3,
    "total": 3
  },
  "sidequests": {
    "-weight.total": 4,
    "+weight.total": 8,
    "-weight.document": 5,
    "+weight.document": 7,
    "-weight.script": 6,
    "+weight.script": 6,
    "-weight.image": 4,
    "+weight.image": 8,
    "-weight.font": 2,
    "+weight.font": 10,
    "+weight.fontCount": 4,
    "-timeToFirstByte": 2,
    "-totalBlockingTime": 8,
    "-largestContentfulPaint": 9
  },
  "axe": {
    "passes": 917,
    "violations": 28
  }
}