{
  "url": "https://www.gsb.stanford.edu/alumni/news/voices",
  "requestedUrl": "https://www.gsb.stanford.edu/alumni/news/voices",
  "timestamp": 1661818501244,
  "ranks": {
    "hundos": 8,
    "performance": 9,
    "accessibility": 10,
    "cumulative": 8
  },
  "lighthouse": {
    "version": "9.6.6",
    "performance": 0.22,
    "accessibility": 0.9,
    "bestPractices": 0.92,
    "seo": 0.86,
    "total": 290
  },
  "firstContentfulPaint": 3081.0750000000003,
  "firstMeaningfulPaint": 3081.0750000000003,
  "speedIndex": 11103.315589023234,
  "largestContentfulPaint": 12703.634000000002,
  "totalBlockingTime": 2382.500000000001,
  "cumulativeLayoutShift": 0,
  "timeToInteractive": 17338.986,
  "maxPotentialFirstInputDelay": 1081,
  "timeToFirstByte": 2653.272,
  "weight": {
    "summary": "213 requests • 1,783 KiB",
    "total": 1825808,
    "image": 96752,
    "imageCount": 39,
    "script": 1355719,
    "scriptCount": 41,
    "document": 97780,
    "font": 101403,
    "fontCount": 5,
    "stylesheet": 162626,
    "stylesheetCount": 95,
    "thirdParty": 1302323,
    "thirdPartyCount": 94
  },
  "run": {
    "number": 3,
    "total": 3
  },
  "sidequests": {
    "-weight.total": 4,
    "+weight.total": 8,
    "-weight.document": 5,
    "+weight.document": 7,
    "-weight.script": 5,
    "+weight.script": 7,
    "-weight.image": 4,
    "+weight.image": 8,
    "-weight.font": 4,
    "+weight.font": 8,
    "+weight.fontCount": 4,
    "-timeToFirstByte": 5,
    "-totalBlockingTime": 9,
    "-largestContentfulPaint": 8
  },
  "axe": {
    "passes": 917,
    "violations": 28
  }
}