{
  "url": "https://www.gsb.stanford.edu/alumni/news/voices",
  "requestedUrl": "https://www.gsb.stanford.edu/alumni/news/voices",
  "timestamp": 1661830040563,
  "ranks": {
    "hundos": 7,
    "performance": 8,
    "accessibility": 9,
    "cumulative": 7
  },
  "lighthouse": {
    "version": "9.6.6",
    "performance": 0.25,
    "accessibility": 0.9,
    "bestPractices": 0.92,
    "seo": 0.86,
    "total": 293
  },
  "firstContentfulPaint": 3091.373999999999,
  "firstMeaningfulPaint": 3091.373999999999,
  "speedIndex": 7231.7083238655305,
  "largestContentfulPaint": 13252.863999999998,
  "totalBlockingTime": 2172.5,
  "cumulativeLayoutShift": 0,
  "timeToInteractive": 16609.8955,
  "maxPotentialFirstInputDelay": 1071,
  "timeToFirstByte": 3.387000000000004,
  "weight": {
    "summary": "213 requests • 1,785 KiB",
    "total": 1827404,
    "image": 98133,
    "imageCount": 39,
    "script": 1355292,
    "scriptCount": 41,
    "document": 97821,
    "font": 101295,
    "fontCount": 5,
    "stylesheet": 162262,
    "stylesheetCount": 95,
    "thirdParty": 1304592,
    "thirdPartyCount": 94
  },
  "run": {
    "number": 2,
    "total": 2
  },
  "sidequests": {
    "-weight.total": 4,
    "+weight.total": 7,
    "-weight.document": 5,
    "+weight.document": 6,
    "-weight.script": 6,
    "+weight.script": 5,
    "-weight.image": 4,
    "+weight.image": 7,
    "-weight.font": 1,
    "+weight.font": 10,
    "+weight.fontCount": 3,
    "-timeToFirstByte": 3,
    "-totalBlockingTime": 9,
    "-largestContentfulPaint": 9
  },
  "axe": {
    "passes": 917,
    "violations": 28
  }
}