{
  "url": "https://www.gsb.stanford.edu/alumni/news/voices",
  "requestedUrl": "https://www.gsb.stanford.edu/alumni/news/voices",
  "timestamp": 1661823497580,
  "ranks": {
    "hundos": 7,
    "performance": 8,
    "accessibility": 9,
    "cumulative": 7
  },
  "lighthouse": {
    "version": "9.6.6",
    "performance": 0.25,
    "accessibility": 0.9,
    "bestPractices": 0.92,
    "seo": 0.86,
    "total": 293
  },
  "firstContentfulPaint": 3090.553999999999,
  "firstMeaningfulPaint": 3090.553999999999,
  "speedIndex": 7784.370835896658,
  "largestContentfulPaint": 12756.961,
  "totalBlockingTime": 1917.000000000001,
  "cumulativeLayoutShift": 0,
  "timeToInteractive": 16646.591,
  "maxPotentialFirstInputDelay": 1005.0000000000009,
  "timeToFirstByte": 17.976,
  "weight": {
    "summary": "213 requests • 1,782 KiB",
    "total": 1824916,
    "image": 96321,
    "imageCount": 39,
    "script": 1355907,
    "scriptCount": 41,
    "document": 97654,
    "font": 101445,
    "fontCount": 5,
    "stylesheet": 161980,
    "stylesheetCount": 95,
    "thirdParty": 1302229,
    "thirdPartyCount": 94
  },
  "run": {
    "number": 2,
    "total": 3
  },
  "sidequests": {
    "-weight.total": 4,
    "+weight.total": 7,
    "-weight.document": 5,
    "+weight.document": 6,
    "-weight.script": 6,
    "+weight.script": 5,
    "-weight.image": 4,
    "+weight.image": 7,
    "-weight.font": 8,
    "+weight.font": 3,
    "+weight.fontCount": 3,
    "-timeToFirstByte": 6,
    "-totalBlockingTime": 6,
    "-largestContentfulPaint": 8
  },
  "axe": {
    "passes": 917,
    "violations": 28
  }
}