{
  "url": "https://www.gsb.stanford.edu/alumni/news/voices",
  "requestedUrl": "https://www.gsb.stanford.edu/alumni/news/voices",
  "timestamp": 1661819642225,
  "ranks": {
    "hundos": 8,
    "performance": 9,
    "accessibility": 10,
    "cumulative": 8
  },
  "lighthouse": {
    "version": "9.6.6",
    "performance": 0.23,
    "accessibility": 0.9,
    "bestPractices": 0.92,
    "seo": 0.86,
    "total": 291
  },
  "firstContentfulPaint": 3004.613,
  "firstMeaningfulPaint": 3004.613,
  "speedIndex": 12545.263926099078,
  "largestContentfulPaint": 13471.259499999998,
  "totalBlockingTime": 1904.279,
  "cumulativeLayoutShift": 0,
  "timeToInteractive": 16543.889499999997,
  "maxPotentialFirstInputDelay": 994,
  "timeToFirstByte": 3707.522,
  "weight": {
    "summary": "213 requests • 1,786 KiB",
    "total": 1829023,
    "image": 98172,
    "imageCount": 39,
    "script": 1356639,
    "scriptCount": 41,
    "document": 97845,
    "font": 101350,
    "fontCount": 5,
    "stylesheet": 162594,
    "stylesheetCount": 95,
    "thirdParty": 1305699,
    "thirdPartyCount": 94
  },
  "run": {
    "number": 2,
    "total": 3
  },
  "sidequests": {
    "-weight.total": 4,
    "+weight.total": 8,
    "-weight.document": 5,
    "+weight.document": 7,
    "-weight.script": 7,
    "+weight.script": 5,
    "-weight.image": 4,
    "+weight.image": 8,
    "-weight.font": 1,
    "+weight.font": 11,
    "+weight.fontCount": 4,
    "-timeToFirstByte": 10,
    "-totalBlockingTime": 3,
    "-largestContentfulPaint": 9
  },
  "axe": {
    "passes": 917,
    "violations": 28
  }
}