{
  "url": "https://www.gsb.stanford.edu/business-podcasts/think-fast-talk-smart-podcast",
  "requestedUrl": "https://www.gsb.stanford.edu/business-podcasts/think-fast-talk-smart-podcast",
  "timestamp": 1661816158548,
  "ranks": {
    "hundos": 10,
    "performance": 10,
    "accessibility": 13,
    "cumulative": 10
  },
  "lighthouse": {
    "version": "9.6.6",
    "performance": 0.2,
    "accessibility": 0.85,
    "bestPractices": 0.92,
    "seo": 0.85,
    "total": 282
  },
  "firstContentfulPaint": 3255.7540000000004,
  "firstMeaningfulPaint": 3255.7540000000004,
  "speedIndex": 13730.085685909587,
  "largestContentfulPaint": 16839.64,
  "totalBlockingTime": 4031.904499999997,
  "cumulativeLayoutShift": 0,
  "timeToInteractive": 21309.482000000004,
  "maxPotentialFirstInputDelay": 2710,
  "timeToFirstByte": 78.49699999999999,
  "weight": {
    "summary": "238 requests • 2,560 KiB",
    "total": 2620974,
    "image": 735541,
    "imageCount": 50,
    "script": 1469442,
    "scriptCount": 44,
    "document": 109721,
    "font": 111579,
    "fontCount": 6,
    "stylesheet": 178688,
    "stylesheetCount": 101,
    "thirdParty": 1667705,
    "thirdPartyCount": 112
  },
  "run": {
    "number": 3,
    "total": 3
  },
  "sidequests": {
    "-weight.total": 9,
    "+weight.total": 5,
    "-weight.document": 7,
    "+weight.document": 7,
    "-weight.script": 10,
    "+weight.script": 4,
    "-weight.image": 12,
    "+weight.image": 2,
    "-weight.font": 4,
    "+weight.font": 10,
    "+weight.fontCount": 4,
    "-timeToFirstByte": 8,
    "-totalBlockingTime": 2,
    "-largestContentfulPaint": 13
  },
  "axe": {
    "passes": 1959,
    "violations": 18
  }
}