{
  "url": "https://www.gsb.stanford.edu/business-podcasts/all-else-equal-making-better-decisions",
  "requestedUrl": "https://www.gsb.stanford.edu/business-podcasts/all-else-equal-making-better-decisions",
  "timestamp": 1661819380650,
  "ranks": {
    "hundos": 7,
    "performance": 11,
    "accessibility": 5,
    "cumulative": 7
  },
  "lighthouse": {
    "version": "9.6.6",
    "performance": 0.21,
    "accessibility": 0.93,
    "bestPractices": 0.92,
    "seo": 0.92,
    "total": 298
  },
  "firstContentfulPaint": 3167.751,
  "firstMeaningfulPaint": 3167.751,
  "speedIndex": 15388.286917826765,
  "largestContentfulPaint": 15687.615999999995,
  "totalBlockingTime": 2728.6345000000024,
  "cumulativeLayoutShift": 0,
  "timeToInteractive": 18657.600499999993,
  "maxPotentialFirstInputDelay": 1764.000000000001,
  "timeToFirstByte": 3488.714,
  "weight": {
    "summary": "240 requests • 2,084 KiB",
    "total": 2134374,
    "image": 232871,
    "imageCount": 51,
    "script": 1469734,
    "scriptCount": 44,
    "document": 99977,
    "font": 135932,
    "fontCount": 7,
    "stylesheet": 179021,
    "stylesheetCount": 101,
    "thirdParty": 1555059,
    "thirdPartyCount": 112
  },
  "run": {
    "number": 1,
    "total": 3
  },
  "sidequests": {
    "-weight.total": 9,
    "+weight.total": 3,
    "-weight.document": 7,
    "+weight.document": 5,
    "-weight.script": 10,
    "+weight.script": 2,
    "-weight.image": 8,
    "+weight.image": 4,
    "-weight.font": 11,
    "+weight.font": 1,
    "+weight.fontCount": 2,
    "-timeToFirstByte": 8,
    "-totalBlockingTime": 10,
    "-largestContentfulPaint": 10
  },
  "axe": {
    "passes": 1148,
    "violations": 17
  }
}