{
  "url": "https://www.gsb.stanford.edu/faculty-research/centers-initiatives/sil/research/methods/ai-machine-learning/short-course",
  "requestedUrl": "https://www.gsb.stanford.edu/faculty-research/centers-initiatives/sil/research/methods/ai-machine-learning/short-course",
  "timestamp": 1661818061998,
  "ranks": {
    "hundos": 2,
    "performance": 3,
    "accessibility": 1,
    "cumulative": 2
  },
  "lighthouse": {
    "version": "9.6.6",
    "performance": 0.37,
    "accessibility": 1,
    "bestPractices": 0.92,
    "seo": 0.92,
    "total": 321
  },
  "firstContentfulPaint": 3020.9750000000004,
  "firstMeaningfulPaint": 3020.9750000000004,
  "speedIndex": 8870.919334549768,
  "largestContentfulPaint": 4062.929000000001,
  "totalBlockingTime": 1675,
  "cumulativeLayoutShift": 0,
  "timeToInteractive": 16840.048000000003,
  "maxPotentialFirstInputDelay": 943,
  "timeToFirstByte": 971.718,
  "weight": {
    "summary": "222 requests • 1,904 KiB",
    "total": 1949590,
    "image": 258561,
    "imageCount": 56,
    "script": 1337286,
    "scriptCount": 39,
    "document": 103634,
    "font": 101458,
    "fontCount": 5,
    "stylesheet": 137197,
    "stylesheetCount": 90,
    "thirdParty": 1322432,
    "thirdPartyCount": 93
  },
  "run": {
    "number": 3,
    "total": 3
  },
  "sidequests": {
    "-weight.total": 7,
    "+weight.total": 7,
    "-weight.document": 5,
    "+weight.document": 9,
    "-weight.script": 5,
    "+weight.script": 9,
    "-weight.image": 10,
    "+weight.image": 4,
    "-weight.font": 2,
    "+weight.font": 11,
    "+weight.fontCount": 5,
    "-timeToFirstByte": 7,
    "-totalBlockingTime": 1,
    "-largestContentfulPaint": 7
  },
  "axe": {
    "passes": 1354,
    "violations": 16
  }
}