{
  "url": "https://www.gsb.stanford.edu/faculty-research/centers-initiatives/sil/research/methods/ai-machine-learning/short-course",
  "requestedUrl": "https://www.gsb.stanford.edu/faculty-research/centers-initiatives/sil/research/methods/ai-machine-learning/short-course",
  "timestamp": 1661822152628,
  "ranks": {
    "hundos": 2,
    "performance": 1,
    "accessibility": 1,
    "cumulative": 2
  },
  "lighthouse": {
    "version": "9.6.6",
    "performance": 0.39,
    "accessibility": 1,
    "bestPractices": 0.92,
    "seo": 0.92,
    "total": 323
  },
  "firstContentfulPaint": 3074.217999999999,
  "firstMeaningfulPaint": 3074.217999999999,
  "speedIndex": 6483.835602178969,
  "largestContentfulPaint": 4248.383999999999,
  "totalBlockingTime": 1493.1299999999937,
  "cumulativeLayoutShift": 0,
  "timeToInteractive": 16544.776000000005,
  "maxPotentialFirstInputDelay": 896,
  "timeToFirstByte": 14.772999999999996,
  "weight": {
    "summary": "222 requests • 1,904 KiB",
    "total": 1949212,
    "image": 259604,
    "imageCount": 56,
    "script": 1335705,
    "scriptCount": 39,
    "document": 103655,
    "font": 101385,
    "fontCount": 5,
    "stylesheet": 137385,
    "stylesheetCount": 90,
    "thirdParty": 1322111,
    "thirdPartyCount": 93
  },
  "run": {
    "number": 2,
    "total": 3
  },
  "sidequests": {
    "-weight.total": 4,
    "+weight.total": 4,
    "-weight.document": 3,
    "+weight.document": 5,
    "-weight.script": 2,
    "+weight.script": 6,
    "-weight.image": 6,
    "+weight.image": 2,
    "-weight.font": 2,
    "+weight.font": 6,
    "+weight.fontCount": 5,
    "-timeToFirstByte": 3,
    "-totalBlockingTime": 1,
    "-largestContentfulPaint": 6
  },
  "axe": {
    "passes": 1354,
    "violations": 16
  }
}