{
  "url": "https://www.gsb.stanford.edu/faculty-research/centers-initiatives/sil/research/methods/ai-machine-learning/short-course",
  "requestedUrl": "https://www.gsb.stanford.edu/faculty-research/centers-initiatives/sil/research/methods/ai-machine-learning/short-course",
  "timestamp": 1661829009958,
  "ranks": {
    "hundos": 3,
    "performance": 3,
    "accessibility": 1,
    "cumulative": 3
  },
  "lighthouse": {
    "version": "9.6.6",
    "performance": 0.38,
    "accessibility": 1,
    "bestPractices": 0.92,
    "seo": 0.92,
    "total": 322
  },
  "firstContentfulPaint": 2903.624,
  "firstMeaningfulPaint": 2903.624,
  "speedIndex": 7457.602509645038,
  "largestContentfulPaint": 3984.2659999999996,
  "totalBlockingTime": 2021.9999999999986,
  "cumulativeLayoutShift": 0,
  "timeToInteractive": 17241.272999999997,
  "maxPotentialFirstInputDelay": 958,
  "timeToFirstByte": 4.904,
  "weight": {
    "summary": "222 requests • 1,906 KiB",
    "total": 1951654,
    "image": 260270,
    "imageCount": 56,
    "script": 1336591,
    "scriptCount": 39,
    "document": 103814,
    "font": 101295,
    "fontCount": 5,
    "stylesheet": 137350,
    "stylesheetCount": 90,
    "thirdParty": 1324634,
    "thirdPartyCount": 93
  },
  "run": {
    "number": 2,
    "total": 2
  },
  "sidequests": {
    "-weight.total": 4,
    "+weight.total": 4,
    "-weight.document": 3,
    "+weight.document": 5,
    "-weight.script": 2,
    "+weight.script": 6,
    "-weight.image": 6,
    "+weight.image": 2,
    "-weight.font": 1,
    "+weight.font": 7,
    "+weight.fontCount": 5,
    "-timeToFirstByte": 2,
    "-totalBlockingTime": 3,
    "-largestContentfulPaint": 4
  },
  "axe": {
    "passes": 1354,
    "violations": 16
  }
}