{
  "url": "https://www.gsb.stanford.edu/insights",
  "requestedUrl": "https://www.gsb.stanford.edu/insights",
  "timestamp": 1661817064404,
  "ranks": {
    "hundos": 6,
    "performance": 5,
    "accessibility": 7,
    "cumulative": 6
  },
  "lighthouse": {
    "version": "9.6.6",
    "performance": 0.22,
    "accessibility": 0.91,
    "bestPractices": 1,
    "seo": 0.86,
    "total": 299
  },
  "firstContentfulPaint": 3055.476,
  "firstMeaningfulPaint": 3055.476,
  "speedIndex": 7771.589998777822,
  "largestContentfulPaint": 12279.794,
  "totalBlockingTime": 3414.0500000000006,
  "cumulativeLayoutShift": 0.0934412087334527,
  "timeToInteractive": 17506.462,
  "maxPotentialFirstInputDelay": 1666,
  "timeToFirstByte": 59.043,
  "weight": {
    "summary": "183 requests • 1,854 KiB",
    "total": 1898151,
    "image": 161777,
    "imageCount": 27,
    "script": 1370418,
    "scriptCount": 43,
    "document": 106123,
    "font": 101739,
    "fontCount": 5,
    "stylesheet": 155543,
    "stylesheetCount": 96,
    "thirdParty": 1299942,
    "thirdPartyCount": 61
  },
  "run": {
    "number": 1,
    "total": 3
  },
  "sidequests": {
    "-weight.total": 3,
    "+weight.total": 5,
    "-weight.document": 4,
    "+weight.document": 4,
    "-weight.script": 4,
    "+weight.script": 4,
    "-weight.image": 3,
    "+weight.image": 5,
    "-weight.font": 4,
    "+weight.font": 4,
    "+weight.fontCount": 3,
    "-timeToFirstByte": 5,
    "-totalBlockingTime": 3,
    "-largestContentfulPaint": 5
  },
  "axe": {
    "passes": 1530,
    "violations": 18
  }
}