{
  "url": "https://www.gsb.stanford.edu/insights",
  "requestedUrl": "https://www.gsb.stanford.edu/insights",
  "timestamp": 1661829432694,
  "ranks": {
    "hundos": 6,
    "performance": 6,
    "accessibility": 7,
    "cumulative": 6
  },
  "lighthouse": {
    "version": "9.6.6",
    "performance": 0.23,
    "accessibility": 0.91,
    "bestPractices": 1,
    "seo": 0.86,
    "total": 300
  },
  "firstContentfulPaint": 2922.994,
  "firstMeaningfulPaint": 2922.994,
  "speedIndex": 8145.6801274131285,
  "largestContentfulPaint": 11292.613999999998,
  "totalBlockingTime": 2116.5,
  "cumulativeLayoutShift": 0.0934412087334527,
  "timeToInteractive": 16358.349,
  "maxPotentialFirstInputDelay": 1103,
  "timeToFirstByte": 5.637,
  "weight": {
    "summary": "183 requests • 1,854 KiB",
    "total": 1898042,
    "image": 161725,
    "imageCount": 27,
    "script": 1370661,
    "scriptCount": 43,
    "document": 106161,
    "font": 101379,
    "fontCount": 5,
    "stylesheet": 155605,
    "stylesheetCount": 96,
    "thirdParty": 1300166,
    "thirdPartyCount": 61
  },
  "run": {
    "number": 2,
    "total": 2
  },
  "sidequests": {
    "-weight.total": 3,
    "+weight.total": 5,
    "-weight.document": 4,
    "+weight.document": 4,
    "-weight.script": 4,
    "+weight.script": 4,
    "-weight.image": 3,
    "+weight.image": 5,
    "-weight.font": 2,
    "+weight.font": 6,
    "+weight.fontCount": 3,
    "-timeToFirstByte": 3,
    "-totalBlockingTime": 5,
    "-largestContentfulPaint": 3
  },
  "axe": {
    "passes": 1530,
    "violations": 18
  }
}