{
  "url": "https://www.gsb.stanford.edu/insights",
  "requestedUrl": "https://www.gsb.stanford.edu/insights",
  "timestamp": 1661822560341,
  "ranks": {
    "hundos": 6,
    "performance": 6,
    "accessibility": 7,
    "cumulative": 6
  },
  "lighthouse": {
    "version": "9.6.6",
    "performance": 0.23,
    "accessibility": 0.91,
    "bestPractices": 1,
    "seo": 0.86,
    "total": 300
  },
  "firstContentfulPaint": 3065.532,
  "firstMeaningfulPaint": 3065.532,
  "speedIndex": 7905.211453458666,
  "largestContentfulPaint": 13322.294999999998,
  "totalBlockingTime": 2056,
  "cumulativeLayoutShift": 0.0934412087334527,
  "timeToInteractive": 16060.859999999999,
  "maxPotentialFirstInputDelay": 1050,
  "timeToFirstByte": 57.568999999999996,
  "weight": {
    "summary": "184 requests • 1,854 KiB",
    "total": 1898911,
    "image": 161833,
    "imageCount": 27,
    "script": 1370519,
    "scriptCount": 43,
    "document": 106165,
    "font": 101328,
    "fontCount": 5,
    "stylesheet": 156515,
    "stylesheetCount": 96,
    "thirdParty": 1300046,
    "thirdPartyCount": 62
  },
  "run": {
    "number": 1,
    "total": 3
  },
  "sidequests": {
    "-weight.total": 3,
    "+weight.total": 5,
    "-weight.document": 4,
    "+weight.document": 4,
    "-weight.script": 4,
    "+weight.script": 4,
    "-weight.image": 3,
    "+weight.image": 5,
    "-weight.font": 1,
    "+weight.font": 7,
    "+weight.fontCount": 3,
    "-timeToFirstByte": 7,
    "-totalBlockingTime": 4,
    "-largestContentfulPaint": 7
  },
  "axe": {
    "passes": 1530,
    "violations": 18
  }
}