{
  "url": "https://www.gsb.stanford.edu/library/research-support/ask-us",
  "requestedUrl": "https://www.gsb.stanford.edu/library/research-support/ask-us",
  "timestamp": 1661823475468,
  "ranks": {
    "hundos": 1,
    "performance": 1,
    "accessibility": 5,
    "cumulative": 1
  },
  "lighthouse": {
    "version": "9.6.6",
    "performance": 0.4,
    "accessibility": 0.93,
    "bestPractices": 0.92,
    "seo": 0.93,
    "total": 318
  },
  "firstContentfulPaint": 2931.849,
  "firstMeaningfulPaint": 2931.849,
  "speedIndex": 7719.121998039201,
  "largestContentfulPaint": 3730.889,
  "totalBlockingTime": 1783.4299999999994,
  "cumulativeLayoutShift": 0,
  "timeToInteractive": 16087.766999999996,
  "maxPotentialFirstInputDelay": 871,
  "timeToFirstByte": 11.370000000000005,
  "weight": {
    "summary": "212 requests • 1,652 KiB",
    "total": 1692158,
    "image": 22636,
    "imageCount": 41,
    "script": 1324083,
    "scriptCount": 42,
    "document": 97326,
    "font": 101389,
    "fontCount": 5,
    "stylesheet": 134591,
    "stylesheetCount": 90,
    "thirdParty": 1309527,
    "thirdPartyCount": 97
  },
  "run": {
    "number": 2,
    "total": 3
  },
  "sidequests": {
    "-weight.total": 2,
    "+weight.total": 9,
    "-weight.document": 4,
    "+weight.document": 7,
    "-weight.script": 3,
    "+weight.script": 8,
    "-weight.image": 2,
    "+weight.image": 9,
    "-weight.font": 3,
    "+weight.font": 8,
    "+weight.fontCount": 3,
    "-timeToFirstByte": 2,
    "-totalBlockingTime": 4,
    "-largestContentfulPaint": 2
  },
  "axe": {
    "passes": 921,
    "violations": 22
  }
}