{
  "url": "https://www.gsb.stanford.edu/insights/8-faculty-members-recommend-their-favorite-podcasts",
  "requestedUrl": "https://www.gsb.stanford.edu/insights/8-faculty-members-recommend-their-favorite-podcasts",
  "timestamp": 1661821950918,
  "ranks": {
    "hundos": 5,
    "performance": 3,
    "accessibility": 6,
    "cumulative": 5
  },
  "lighthouse": {
    "version": "9.6.6",
    "performance": 0.38,
    "accessibility": 1,
    "bestPractices": 0.92,
    "seo": 0.86,
    "total": 316
  },
  "firstContentfulPaint": 2832.368,
  "firstMeaningfulPaint": 2832.368,
  "speedIndex": 8817.752543575416,
  "largestContentfulPaint": 3889.1710000000003,
  "totalBlockingTime": 1904.5000000000007,
  "cumulativeLayoutShift": 0.030971679687500003,
  "timeToInteractive": 17235.362,
  "maxPotentialFirstInputDelay": 875,
  "timeToFirstByte": 53.709999999999994,
  "weight": {
    "summary": "216 requests • 1,926 KiB",
    "total": 1972572,
    "image": 169744,
    "imageCount": 40,
    "script": 1406372,
    "scriptCount": 43,
    "document": 103187,
    "font": 150645,
    "fontCount": 7,
    "stylesheet": 131294,
    "stylesheetCount": 93,
    "thirdParty": 1374227,
    "thirdPartyCount": 98
  },
  "run": {
    "number": 1,
    "total": 3
  },
  "sidequests": {
    "-weight.total": 5,
    "+weight.total": 3,
    "-weight.document": 2,
    "+weight.document": 6,
    "-weight.script": 5,
    "+weight.script": 3,
    "-weight.image": 5,
    "+weight.image": 3,
    "-weight.font": 6,
    "+weight.font": 2,
    "+weight.fontCount": 3,
    "-timeToFirstByte": 6,
    "-totalBlockingTime": 2,
    "-largestContentfulPaint": 4
  },
  "axe": {
    "passes": 1462,
    "violations": 35
  }
}