{
  "url": "https://www.gsb.stanford.edu/insights/8-faculty-members-recommend-their-favorite-podcasts",
  "requestedUrl": "https://www.gsb.stanford.edu/insights/8-faculty-members-recommend-their-favorite-podcasts",
  "timestamp": 1661818036598,
  "ranks": {
    "hundos": 6,
    "performance": 4,
    "accessibility": 8,
    "cumulative": 6
  },
  "lighthouse": {
    "version": "9.6.6",
    "performance": 0.37,
    "accessibility": 1,
    "bestPractices": 0.92,
    "seo": 0.86,
    "total": 315
  },
  "firstContentfulPaint": 2874.3080000000004,
  "firstMeaningfulPaint": 2874.3080000000004,
  "speedIndex": 12643.710427542452,
  "largestContentfulPaint": 3730.738500000001,
  "totalBlockingTime": 2195.499999999998,
  "cumulativeLayoutShift": 0.030971679687500003,
  "timeToInteractive": 17075.720500000003,
  "maxPotentialFirstInputDelay": 947,
  "timeToFirstByte": 3775.0800000000004,
  "weight": {
    "summary": "216 requests • 1,927 KiB",
    "total": 1973344,
    "image": 169344,
    "imageCount": 40,
    "script": 1407086,
    "scriptCount": 43,
    "document": 103170,
    "font": 150635,
    "fontCount": 7,
    "stylesheet": 132035,
    "stylesheetCount": 93,
    "thirdParty": 1374143,
    "thirdPartyCount": 98
  },
  "run": {
    "number": 3,
    "total": 3
  },
  "sidequests": {
    "-weight.total": 8,
    "+weight.total": 6,
    "-weight.document": 4,
    "+weight.document": 10,
    "-weight.script": 9,
    "+weight.script": 5,
    "-weight.image": 8,
    "+weight.image": 6,
    "-weight.font": 11,
    "+weight.font": 2,
    "+weight.fontCount": 3,
    "-timeToFirstByte": 9,
    "-totalBlockingTime": 5,
    "-largestContentfulPaint": 3
  },
  "axe": {
    "passes": 1462,
    "violations": 35
  }
}