{
  "url": "https://www.gsb.stanford.edu/insights/8-faculty-members-recommend-their-favorite-podcasts",
  "requestedUrl": "https://www.gsb.stanford.edu/insights/8-faculty-members-recommend-their-favorite-podcasts",
  "timestamp": 1661828984904,
  "ranks": {
    "hundos": 5,
    "performance": 2,
    "accessibility": 6,
    "cumulative": 5
  },
  "lighthouse": {
    "version": "9.6.6",
    "performance": 0.39,
    "accessibility": 1,
    "bestPractices": 0.92,
    "seo": 0.86,
    "total": 317
  },
  "firstContentfulPaint": 2926.0619999999994,
  "firstMeaningfulPaint": 2926.0619999999994,
  "speedIndex": 9120.176949212659,
  "largestContentfulPaint": 3705.505999999999,
  "totalBlockingTime": 1955.0000000000018,
  "cumulativeLayoutShift": 0.030971679687500003,
  "timeToInteractive": 17562.7555,
  "maxPotentialFirstInputDelay": 912,
  "timeToFirstByte": 15.114,
  "weight": {
    "summary": "216 requests • 1,929 KiB",
    "total": 1974998,
    "image": 171107,
    "imageCount": 40,
    "script": 1406313,
    "scriptCount": 43,
    "document": 103412,
    "font": 150589,
    "fontCount": 7,
    "stylesheet": 131385,
    "stylesheetCount": 93,
    "thirdParty": 1376511,
    "thirdPartyCount": 98
  },
  "run": {
    "number": 2,
    "total": 2
  },
  "sidequests": {
    "-weight.total": 5,
    "+weight.total": 3,
    "-weight.document": 2,
    "+weight.document": 6,
    "-weight.script": 5,
    "+weight.script": 3,
    "-weight.image": 5,
    "+weight.image": 3,
    "-weight.font": 6,
    "+weight.font": 2,
    "+weight.fontCount": 3,
    "-timeToFirstByte": 4,
    "-totalBlockingTime": 1,
    "-largestContentfulPaint": 1
  },
  "axe": {
    "passes": 1462,
    "violations": 35
  }
}