{
  "url": "https://www.gsb.stanford.edu/seed/companies-leaders/meet-entrepreneurs/profiles-purpose",
  "requestedUrl": "https://www.gsb.stanford.edu/seed/companies-leaders/meet-entrepreneurs/profiles-purpose",
  "timestamp": 1661823197276,
  "ranks": {
    "hundos": 6,
    "performance": 9,
    "accessibility": 1,
    "cumulative": 6
  },
  "lighthouse": {
    "version": "9.6.6",
    "performance": 0.25,
    "accessibility": 1,
    "bestPractices": 0.83,
    "seo": 0.93,
    "total": 301
  },
  "firstContentfulPaint": 3120.987,
  "firstMeaningfulPaint": 3120.987,
  "speedIndex": 7817.006181937148,
  "largestContentfulPaint": 12864.151999999995,
  "totalBlockingTime": 1763.500000000001,
  "cumulativeLayoutShift": 0,
  "timeToInteractive": 16965.058,
  "maxPotentialFirstInputDelay": 941,
  "timeToFirstByte": 49.163,
  "weight": {
    "summary": "226 requests • 1,874 KiB",
    "total": 1919003,
    "image": 209482,
    "imageCount": 58,
    "script": 1343076,
    "scriptCount": 43,
    "document": 91387,
    "font": 101406,
    "fontCount": 5,
    "stylesheet": 162233,
    "stylesheetCount": 88,
    "thirdParty": 1326599,
    "thirdPartyCount": 95
  },
  "run": {
    "number": 1,
    "total": 3
  },
  "sidequests": {
    "-weight.total": 7,
    "+weight.total": 4,
    "-weight.document": 1,
    "+weight.document": 10,
    "-weight.script": 5,
    "+weight.script": 6,
    "-weight.image": 6,
    "+weight.image": 5,
    "-weight.font": 5,
    "+weight.font": 6,
    "+weight.fontCount": 3,
    "-timeToFirstByte": 10,
    "-totalBlockingTime": 3,
    "-largestContentfulPaint": 9
  },
  "axe": {
    "passes": 1004,
    "violations": 16
  }
}