{
  "url": "https://www.gsb.stanford.edu/seed/companies-leaders/meet-entrepreneurs/profiles-purpose",
  "requestedUrl": "https://www.gsb.stanford.edu/seed/companies-leaders/meet-entrepreneurs/profiles-purpose",
  "timestamp": 1661817837102,
  "ranks": {
    "hundos": 6,
    "performance": 7,
    "accessibility": 1,
    "cumulative": 6
  },
  "lighthouse": {
    "version": "9.6.6",
    "performance": 0.23,
    "accessibility": 1,
    "bestPractices": 0.83,
    "seo": 0.93,
    "total": 299
  },
  "firstContentfulPaint": 3236.7639999999997,
  "firstMeaningfulPaint": 3236.7639999999997,
  "speedIndex": 8427.169509154179,
  "largestContentfulPaint": 14287.633499999998,
  "totalBlockingTime": 2279.999999999999,
  "cumulativeLayoutShift": 0,
  "timeToInteractive": 17229.405999999995,
  "maxPotentialFirstInputDelay": 1202,
  "timeToFirstByte": 81.98900000000002,
  "weight": {
    "summary": "226 requests • 1,873 KiB",
    "total": 1917844,
    "image": 209153,
    "imageCount": 58,
    "script": 1342855,
    "scriptCount": 43,
    "document": 91358,
    "font": 101425,
    "fontCount": 5,
    "stylesheet": 161652,
    "stylesheetCount": 88,
    "thirdParty": 1326307,
    "thirdPartyCount": 95
  },
  "run": {
    "number": 1,
    "total": 3
  },
  "sidequests": {
    "-weight.total": 7,
    "+weight.total": 5,
    "-weight.document": 1,
    "+weight.document": 11,
    "-weight.script": 5,
    "+weight.script": 7,
    "-weight.image": 6,
    "+weight.image": 6,
    "-weight.font": 5,
    "+weight.font": 7,
    "+weight.fontCount": 4,
    "-timeToFirstByte": 6,
    "-totalBlockingTime": 4,
    "-largestContentfulPaint": 7
  },
  "axe": {
    "passes": 1004,
    "violations": 16
  }
}