{
  "url": "https://www.gsb.stanford.edu/seed/companies-leaders/meet-entrepreneurs/profiles-purpose",
  "requestedUrl": "https://www.gsb.stanford.edu/seed/companies-leaders/meet-entrepreneurs/profiles-purpose",
  "timestamp": 1661829972813,
  "ranks": {
    "hundos": 6,
    "performance": 9,
    "accessibility": 1,
    "cumulative": 6
  },
  "lighthouse": {
    "version": "9.6.6",
    "performance": 0.25,
    "accessibility": 1,
    "bestPractices": 0.83,
    "seo": 0.93,
    "total": 301
  },
  "firstContentfulPaint": 2961.4780000000005,
  "firstMeaningfulPaint": 2961.4780000000005,
  "speedIndex": 8511.791272520652,
  "largestContentfulPaint": 10246.217000000002,
  "totalBlockingTime": 1729,
  "cumulativeLayoutShift": 0,
  "timeToInteractive": 16490.004,
  "maxPotentialFirstInputDelay": 919,
  "timeToFirstByte": 33.559,
  "weight": {
    "summary": "226 requests • 1,875 KiB",
    "total": 1920416,
    "image": 210426,
    "imageCount": 58,
    "script": 1342760,
    "scriptCount": 43,
    "document": 91551,
    "font": 101351,
    "fontCount": 5,
    "stylesheet": 162081,
    "stylesheetCount": 88,
    "thirdParty": 1328331,
    "thirdPartyCount": 95
  },
  "run": {
    "number": 2,
    "total": 2
  },
  "sidequests": {
    "-weight.total": 7,
    "+weight.total": 4,
    "-weight.document": 1,
    "+weight.document": 10,
    "-weight.script": 5,
    "+weight.script": 6,
    "-weight.image": 6,
    "+weight.image": 5,
    "-weight.font": 7,
    "+weight.font": 4,
    "+weight.fontCount": 3,
    "-timeToFirstByte": 4,
    "-totalBlockingTime": 1,
    "-largestContentfulPaint": 6
  },
  "axe": {
    "passes": 1004,
    "violations": 16
  }
}