{
  "url": "https://www.gsb.stanford.edu/seed/companies-leaders/meet-entrepreneurs/profiles-purpose",
  "requestedUrl": "https://www.gsb.stanford.edu/seed/companies-leaders/meet-entrepreneurs/profiles-purpose",
  "timestamp": 1661819862520,
  "ranks": {
    "hundos": 6,
    "performance": 7,
    "accessibility": 1,
    "cumulative": 6
  },
  "lighthouse": {
    "version": "9.6.6",
    "performance": 0.24,
    "accessibility": 1,
    "bestPractices": 0.83,
    "seo": 0.93,
    "total": 300
  },
  "firstContentfulPaint": 2977.197999999999,
  "firstMeaningfulPaint": 2977.197999999999,
  "speedIndex": 8471.0671742933,
  "largestContentfulPaint": 12456.470000000001,
  "totalBlockingTime": 2184.5000000000005,
  "cumulativeLayoutShift": 0,
  "timeToInteractive": 17343.214,
  "maxPotentialFirstInputDelay": 889,
  "timeToFirstByte": 497.5350000000001,
  "weight": {
    "summary": "225 requests • 1,875 KiB",
    "total": 1920435,
    "image": 210286,
    "imageCount": 58,
    "script": 1343159,
    "scriptCount": 43,
    "document": 91473,
    "font": 101355,
    "fontCount": 5,
    "stylesheet": 162277,
    "stylesheetCount": 88,
    "thirdParty": 1328091,
    "thirdPartyCount": 94
  },
  "run": {
    "number": 3,
    "total": 3
  },
  "sidequests": {
    "-weight.total": 7,
    "+weight.total": 5,
    "-weight.document": 1,
    "+weight.document": 11,
    "-weight.script": 5,
    "+weight.script": 7,
    "-weight.image": 6,
    "+weight.image": 6,
    "-weight.font": 2,
    "+weight.font": 10,
    "+weight.fontCount": 4,
    "-timeToFirstByte": 2,
    "-totalBlockingTime": 8,
    "-largestContentfulPaint": 7
  },
  "axe": {
    "passes": 1004,
    "violations": 16
  }
}