{
  "url": "https://www.gsb.stanford.edu/faculty-research/centers-initiatives/sil",
  "requestedUrl": "https://www.gsb.stanford.edu/faculty-research/centers-initiatives/sil",
  "timestamp": 1661816777052,
  "ranks": {
    "hundos": 5,
    "performance": 6,
    "accessibility": 7,
    "cumulative": 5
  },
  "lighthouse": {
    "version": "9.6.6",
    "performance": 0.36,
    "accessibility": 1,
    "bestPractices": 0.92,
    "seo": 0.92,
    "total": 320
  },
  "firstContentfulPaint": 2896.7229999999995,
  "firstMeaningfulPaint": 2896.7229999999995,
  "speedIndex": 12088.976519585129,
  "largestContentfulPaint": 3532.058999999999,
  "totalBlockingTime": 5041.5000000000055,
  "cumulativeLayoutShift": 0,
  "timeToInteractive": 29391.880000000005,
  "maxPotentialFirstInputDelay": 1709,
  "timeToFirstByte": 9.967000000000006,
  "weight": {
    "summary": "256 requests • 3,539 KiB",
    "total": 3624135,
    "image": 213478,
    "imageCount": 48,
    "script": 2801201,
    "scriptCount": 54,
    "document": 130844,
    "font": 101367,
    "fontCount": 10,
    "stylesheet": 232848,
    "stylesheetCount": 101,
    "thirdParty": 3239250,
    "thirdPartyCount": 143
  },
  "run": {
    "number": 3,
    "total": 3
  },
  "sidequests": {
    "-weight.total": 12,
    "+weight.total": 2,
    "-weight.document": 12,
    "+weight.document": 2,
    "-weight.script": 12,
    "+weight.script": 2,
    "-weight.image": 9,
    "+weight.image": 5,
    "-weight.font": 1,
    "+weight.font": 12,
    "+weight.fontCount": 2,
    "-timeToFirstByte": 4,
    "-totalBlockingTime": 12,
    "-largestContentfulPaint": 1
  },
  "axe": {
    "passes": 1273,
    "violations": 30
  }
}