{
  "url": "https://www.gsb.stanford.edu/faculty-research/centers-initiatives/sil",
  "requestedUrl": "https://www.gsb.stanford.edu/faculty-research/centers-initiatives/sil",
  "timestamp": 1661817447159,
  "ranks": {
    "hundos": 5,
    "performance": 5,
    "accessibility": 7,
    "cumulative": 5
  },
  "lighthouse": {
    "version": "9.6.6",
    "performance": 0.35,
    "accessibility": 1,
    "bestPractices": 0.92,
    "seo": 0.92,
    "total": 319
  },
  "firstContentfulPaint": 2852.377000000001,
  "firstMeaningfulPaint": 2852.377000000001,
  "speedIndex": 11614.515356351529,
  "largestContentfulPaint": 3741.6820000000007,
  "totalBlockingTime": 4222,
  "cumulativeLayoutShift": 0,
  "timeToInteractive": 28730.4805,
  "maxPotentialFirstInputDelay": 1591,
  "timeToFirstByte": 10.61,
  "weight": {
    "summary": "256 requests • 3,540 KiB",
    "total": 3624890,
    "image": 213616,
    "imageCount": 48,
    "script": 2802085,
    "scriptCount": 55,
    "document": 130883,
    "font": 101472,
    "fontCount": 10,
    "stylesheet": 232530,
    "stylesheetCount": 100,
    "thirdParty": 3239487,
    "thirdPartyCount": 143
  },
  "run": {
    "number": 1,
    "total": 3
  },
  "sidequests": {
    "-weight.total": 12,
    "+weight.total": 2,
    "-weight.document": 12,
    "+weight.document": 2,
    "-weight.script": 12,
    "+weight.script": 2,
    "-weight.image": 9,
    "+weight.image": 5,
    "-weight.font": 3,
    "+weight.font": 10,
    "+weight.fontCount": 2,
    "-timeToFirstByte": 1,
    "-totalBlockingTime": 12,
    "-largestContentfulPaint": 4
  },
  "axe": {
    "passes": 1273,
    "violations": 30
  }
}