{
  "url": "https://www.gsb.stanford.edu/exec-ed/programs/leading-improv-mindset/curriculum",
  "requestedUrl": "https://www.gsb.stanford.edu/exec-ed/programs/leading-improv-mindset/curriculum",
  "timestamp": 1661829652671,
  "ranks": {
    "hundos": 4,
    "performance": 5,
    "accessibility": 4,
    "cumulative": 4
  },
  "lighthouse": {
    "version": "9.6.6",
    "performance": 0.35,
    "accessibility": 1,
    "bestPractices": 0.92,
    "seo": 0.85,
    "total": 312
  },
  "firstContentfulPaint": 2793.0379999999996,
  "firstMeaningfulPaint": 2793.0379999999996,
  "speedIndex": 7210.417853735867,
  "largestContentfulPaint": 4543.807999999999,
  "totalBlockingTime": 2097,
  "cumulativeLayoutShift": 0,
  "timeToInteractive": 16358.483499999998,
  "maxPotentialFirstInputDelay": 1016.0000000000018,
  "timeToFirstByte": 89.032,
  "weight": {
    "summary": "220 requests • 1,761 KiB",
    "total": 1803033,
    "image": 72402,
    "imageCount": 44,
    "script": 1376066,
    "scriptCount": 42,
    "document": 94786,
    "font": 101329,
    "fontCount": 5,
    "stylesheet": 145344,
    "stylesheetCount": 93,
    "thirdParty": 1365158,
    "thirdPartyCount": 106
  },
  "run": {
    "number": 1,
    "total": 2
  },
  "sidequests": {
    "-weight.total": 3,
    "+weight.total": 8,
    "-weight.document": 3,
    "+weight.document": 8,
    "-weight.script": 8,
    "+weight.script": 3,
    "-weight.image": 3,
    "+weight.image": 8,
    "-weight.font": 4,
    "+weight.font": 7,
    "+weight.fontCount": 3,
    "-timeToFirstByte": 10,
    "-totalBlockingTime": 7,
    "-largestContentfulPaint": 5
  },
  "axe": {
    "passes": 846,
    "violations": 27
  }
}