{
  "url": "https://www.gsb.stanford.edu/exec-ed/programs/leading-improv-mindset/curriculum",
  "requestedUrl": "https://www.gsb.stanford.edu/exec-ed/programs/leading-improv-mindset/curriculum",
  "timestamp": 1661818341781,
  "ranks": {
    "hundos": 3,
    "performance": 3,
    "accessibility": 4,
    "cumulative": 3
  },
  "lighthouse": {
    "version": "9.6.6",
    "performance": 0.35,
    "accessibility": 1,
    "bestPractices": 0.92,
    "seo": 0.85,
    "total": 312
  },
  "firstContentfulPaint": 2775.1530000000002,
  "firstMeaningfulPaint": 2849.8755000000006,
  "speedIndex": 7471.534048097757,
  "largestContentfulPaint": 4572.568000000001,
  "totalBlockingTime": 1884.4999999999995,
  "cumulativeLayoutShift": 0,
  "timeToInteractive": 17017.9395,
  "maxPotentialFirstInputDelay": 913,
  "timeToFirstByte": 513.627,
  "weight": {
    "summary": "222 requests • 1,757 KiB",
    "total": 1798794,
    "image": 70935,
    "imageCount": 44,
    "script": 1375972,
    "scriptCount": 42,
    "document": 93843,
    "font": 101424,
    "fontCount": 5,
    "stylesheet": 144552,
    "stylesheetCount": 93,
    "thirdParty": 1361664,
    "thirdPartyCount": 108
  },
  "run": {
    "number": 3,
    "total": 3
  },
  "sidequests": {
    "-weight.total": 3,
    "+weight.total": 9,
    "-weight.document": 3,
    "+weight.document": 9,
    "-weight.script": 7,
    "+weight.script": 5,
    "-weight.image": 3,
    "+weight.image": 9,
    "-weight.font": 5,
    "+weight.font": 7,
    "+weight.fontCount": 4,
    "-timeToFirstByte": 3,
    "-totalBlockingTime": 1,
    "-largestContentfulPaint": 5
  },
  "axe": {
    "passes": 846,
    "violations": 27
  }
}