{
  "url": "https://www.gsb.stanford.edu/exec-ed/programs/leading-improv-mindset/curriculum",
  "requestedUrl": "https://www.gsb.stanford.edu/exec-ed/programs/leading-improv-mindset/curriculum",
  "timestamp": 1661819479812,
  "ranks": {
    "hundos": 4,
    "performance": 4,
    "accessibility": 4,
    "cumulative": 4
  },
  "lighthouse": {
    "version": "9.6.6",
    "performance": 0.33,
    "accessibility": 1,
    "bestPractices": 0.92,
    "seo": 0.85,
    "total": 310
  },
  "firstContentfulPaint": 2724.5210000000006,
  "firstMeaningfulPaint": 2724.5210000000006,
  "speedIndex": 10609.265457307514,
  "largestContentfulPaint": 4517.631000000001,
  "totalBlockingTime": 2012.5,
  "cumulativeLayoutShift": 0,
  "timeToInteractive": 17127.154499999997,
  "maxPotentialFirstInputDelay": 910,
  "timeToFirstByte": 2819.178,
  "weight": {
    "summary": "220 requests • 1,763 KiB",
    "total": 1805082,
    "image": 74037,
    "imageCount": 44,
    "script": 1376829,
    "scriptCount": 42,
    "document": 94853,
    "font": 101394,
    "fontCount": 5,
    "stylesheet": 144877,
    "stylesheetCount": 93,
    "thirdParty": 1367682,
    "thirdPartyCount": 106
  },
  "run": {
    "number": 2,
    "total": 3
  },
  "sidequests": {
    "-weight.total": 3,
    "+weight.total": 9,
    "-weight.document": 3,
    "+weight.document": 9,
    "-weight.script": 8,
    "+weight.script": 4,
    "-weight.image": 3,
    "+weight.image": 9,
    "-weight.font": 6,
    "+weight.font": 6,
    "+weight.fontCount": 4,
    "-timeToFirstByte": 5,
    "-totalBlockingTime": 5,
    "-largestContentfulPaint": 5
  },
  "axe": {
    "passes": 846,
    "violations": 27
  }
}