{
  "url": "https://www.gsb.stanford.edu/insights/utility-player-paul-oyer-explains-how-economics-can-make-sports-more-fun",
  "requestedUrl": "https://www.gsb.stanford.edu/insights/utility-player-paul-oyer-explains-how-economics-can-make-sports-more-fun",
  "timestamp": 1661823542586,
  "ranks": {
    "hundos": 2,
    "performance": 2,
    "accessibility": 3,
    "cumulative": 2
  },
  "lighthouse": {
    "version": "9.6.6",
    "performance": 0.4,
    "accessibility": 1,
    "bestPractices": 0.92,
    "seo": 0.86,
    "total": 318
  },
  "firstContentfulPaint": 2739.3150000000005,
  "firstMeaningfulPaint": 2739.3150000000005,
  "speedIndex": 7809.189108783949,
  "largestContentfulPaint": 3851.6150000000007,
  "totalBlockingTime": 2000.313,
  "cumulativeLayoutShift": 0.00026855468749999997,
  "timeToInteractive": 17285.117,
  "maxPotentialFirstInputDelay": 921,
  "timeToFirstByte": 12.570999999999998,
  "weight": {
    "summary": "218 requests • 1,981 KiB",
    "total": 2028557,
    "image": 246118,
    "imageCount": 40,
    "script": 1406731,
    "scriptCount": 43,
    "document": 104526,
    "font": 125725,
    "fontCount": 6,
    "stylesheet": 134140,
    "stylesheetCount": 96,
    "thirdParty": 1374123,
    "thirdPartyCount": 98
  },
  "run": {
    "number": 3,
    "total": 3
  },
  "sidequests": {
    "-weight.total": 8,
    "+weight.total": 3,
    "-weight.document": 7,
    "+weight.document": 4,
    "-weight.script": 9,
    "+weight.script": 2,
    "-weight.image": 8,
    "+weight.image": 3,
    "-weight.font": 10,
    "+weight.font": 1,
    "+weight.fontCount": 2,
    "-timeToFirstByte": 3,
    "-totalBlockingTime": 7,
    "-largestContentfulPaint": 3
  },
  "axe": {
    "passes": 1221,
    "violations": 21
  }
}