{
  "url": "https://www.gsb.stanford.edu/insights/utility-player-paul-oyer-explains-how-economics-can-make-sports-more-fun",
  "requestedUrl": "https://www.gsb.stanford.edu/insights/utility-player-paul-oyer-explains-how-economics-can-make-sports-more-fun",
  "timestamp": 1661829607701,
  "ranks": {
    "hundos": 2,
    "performance": 3,
    "accessibility": 3,
    "cumulative": 2
  },
  "lighthouse": {
    "version": "9.6.6",
    "performance": 0.4,
    "accessibility": 1,
    "bestPractices": 0.92,
    "seo": 0.86,
    "total": 318
  },
  "firstContentfulPaint": 2985.966000000001,
  "firstMeaningfulPaint": 2985.966000000001,
  "speedIndex": 6691.456332043264,
  "largestContentfulPaint": 3853.8760000000016,
  "totalBlockingTime": 2006,
  "cumulativeLayoutShift": 0.00026855468749999997,
  "timeToInteractive": 17240.1025,
  "maxPotentialFirstInputDelay": 944,
  "timeToFirstByte": 76.108,
  "weight": {
    "summary": "218 requests • 1,983 KiB",
    "total": 2030639,
    "image": 247433,
    "imageCount": 40,
    "script": 1406561,
    "scriptCount": 43,
    "document": 104693,
    "font": 125755,
    "fontCount": 6,
    "stylesheet": 133697,
    "stylesheetCount": 96,
    "thirdParty": 1376597,
    "thirdPartyCount": 98
  },
  "run": {
    "number": 1,
    "total": 2
  },
  "sidequests": {
    "-weight.total": 8,
    "+weight.total": 3,
    "-weight.document": 7,
    "+weight.document": 4,
    "-weight.script": 9,
    "+weight.script": 2,
    "-weight.image": 8,
    "+weight.image": 3,
    "-weight.font": 10,
    "+weight.font": 1,
    "+weight.fontCount": 2,
    "-timeToFirstByte": 9,
    "-totalBlockingTime": 5,
    "-largestContentfulPaint": 4
  },
  "axe": {
    "passes": 1221,
    "violations": 21
  }
}