{
  "url": "https://www.gsb.stanford.edu/insights/utility-player-paul-oyer-explains-how-economics-can-make-sports-more-fun",
  "requestedUrl": "https://www.gsb.stanford.edu/insights/utility-player-paul-oyer-explains-how-economics-can-make-sports-more-fun",
  "timestamp": 1661819149944,
  "ranks": {
    "hundos": 2,
    "performance": 3,
    "accessibility": 3,
    "cumulative": 2
  },
  "lighthouse": {
    "version": "9.6.6",
    "performance": 0.36,
    "accessibility": 1,
    "bestPractices": 0.92,
    "seo": 0.86,
    "total": 314
  },
  "firstContentfulPaint": 2802.9710000000005,
  "firstMeaningfulPaint": 2802.9710000000005,
  "speedIndex": 12361.105487794228,
  "largestContentfulPaint": 3864.4110000000005,
  "totalBlockingTime": 2274.5530000000017,
  "cumulativeLayoutShift": 0.00026855468749999997,
  "timeToInteractive": 16906.573000000004,
  "maxPotentialFirstInputDelay": 1002.0000000000018,
  "timeToFirstByte": 3662.623,
  "weight": {
    "summary": "218 requests • 1,981 KiB",
    "total": 2028809,
    "image": 246065,
    "imageCount": 40,
    "script": 1406566,
    "scriptCount": 43,
    "document": 104556,
    "font": 125708,
    "fontCount": 6,
    "stylesheet": 134365,
    "stylesheetCount": 96,
    "thirdParty": 1374130,
    "thirdPartyCount": 98
  },
  "run": {
    "number": 1,
    "total": 3
  },
  "sidequests": {
    "-weight.total": 8,
    "+weight.total": 4,
    "-weight.document": 8,
    "+weight.document": 4,
    "-weight.script": 9,
    "+weight.script": 3,
    "-weight.image": 9,
    "+weight.image": 3,
    "-weight.font": 10,
    "+weight.font": 2,
    "+weight.fontCount": 3,
    "-timeToFirstByte": 9,
    "-totalBlockingTime": 9,
    "-largestContentfulPaint": 3
  },
  "axe": {
    "passes": 1221,
    "violations": 21
  }
}