{
  "url": "https://www.gsb.stanford.edu/programs/mba/admission/application/education",
  "requestedUrl": "https://www.gsb.stanford.edu/programs/mba/admission/application/education",
  "timestamp": 1661822224286,
  "ranks": {
    "hundos": 1,
    "performance": 2,
    "accessibility": 3,
    "cumulative": 1
  },
  "lighthouse": {
    "version": "9.6.6",
    "performance": 0.39,
    "accessibility": 1,
    "bestPractices": 0.92,
    "seo": 0.93,
    "total": 324
  },
  "firstContentfulPaint": 3099.3799999999997,
  "firstMeaningfulPaint": 3099.3799999999997,
  "speedIndex": 7088.597929809992,
  "largestContentfulPaint": 3736.016,
  "totalBlockingTime": 2158.4999999999986,
  "cumulativeLayoutShift": 0,
  "timeToInteractive": 16949.941499999994,
  "maxPotentialFirstInputDelay": 965.9999999999991,
  "timeToFirstByte": 11.234000000000002,
  "weight": {
    "summary": "222 requests • 1,758 KiB",
    "total": 1800172,
    "image": 29797,
    "imageCount": 39,
    "script": 1354367,
    "scriptCount": 45,
    "document": 100524,
    "font": 150429,
    "fontCount": 7,
    "stylesheet": 153588,
    "stylesheetCount": 96,
    "thirdParty": 1336252,
    "thirdPartyCount": 99
  },
  "run": {
    "number": 3,
    "total": 3
  },
  "sidequests": {
    "-weight.total": 2,
    "+weight.total": 6,
    "-weight.document": 1,
    "+weight.document": 7,
    "-weight.script": 4,
    "+weight.script": 4,
    "-weight.image": 2,
    "+weight.image": 6,
    "-weight.font": 5,
    "+weight.font": 3,
    "+weight.fontCount": 3,
    "-timeToFirstByte": 1,
    "-totalBlockingTime": 4,
    "-largestContentfulPaint": 3
  },
  "axe": {
    "passes": 981,
    "violations": 16
  }
}