{
  "url": "https://www.gsb.stanford.edu/programs/mba/admission/application/education",
  "requestedUrl": "https://www.gsb.stanford.edu/programs/mba/admission/application/education",
  "timestamp": 1661816552880,
  "ranks": {
    "hundos": 1,
    "performance": 1,
    "accessibility": 4,
    "cumulative": 1
  },
  "lighthouse": {
    "version": "9.6.6",
    "performance": 0.41,
    "accessibility": 1,
    "bestPractices": 0.92,
    "seo": 0.93,
    "total": 326
  },
  "firstContentfulPaint": 3072.506999999999,
  "firstMeaningfulPaint": 3072.506999999999,
  "speedIndex": 6302.594715751868,
  "largestContentfulPaint": 3707.3069999999984,
  "totalBlockingTime": 2184.999999999999,
  "cumulativeLayoutShift": 0,
  "timeToInteractive": 16728.655,
  "maxPotentialFirstInputDelay": 989,
  "timeToFirstByte": 9.795000000000002,
  "weight": {
    "summary": "221 requests • 1,758 KiB",
    "total": 1799963,
    "image": 30102,
    "imageCount": 39,
    "script": 1353596,
    "scriptCount": 45,
    "document": 100409,
    "font": 150682,
    "fontCount": 7,
    "stylesheet": 153338,
    "stylesheetCount": 96,
    "thirdParty": 1336133,
    "thirdPartyCount": 98
  },
  "run": {
    "number": 3,
    "total": 3
  },
  "sidequests": {
    "-weight.total": 4,
    "+weight.total": 10,
    "-weight.document": 1,
    "+weight.document": 13,
    "-weight.script": 7,
    "+weight.script": 7,
    "-weight.image": 4,
    "+weight.image": 10,
    "-weight.font": 11,
    "+weight.font": 2,
    "+weight.fontCount": 3,
    "-timeToFirstByte": 2,
    "-totalBlockingTime": 3,
    "-largestContentfulPaint": 4
  },
  "axe": {
    "passes": 981,
    "violations": 16
  }
}