{
  "url": "https://www.gsb.stanford.edu/programs/mba/admission/application/education",
  "requestedUrl": "https://www.gsb.stanford.edu/programs/mba/admission/application/education",
  "timestamp": 1661828902412,
  "ranks": {
    "hundos": 1,
    "performance": 1,
    "accessibility": 3,
    "cumulative": 1
  },
  "lighthouse": {
    "version": "9.6.6",
    "performance": 0.39,
    "accessibility": 1,
    "bestPractices": 0.92,
    "seo": 0.93,
    "total": 324
  },
  "firstContentfulPaint": 3076.5170000000003,
  "firstMeaningfulPaint": 3076.5170000000003,
  "speedIndex": 7065.265012224824,
  "largestContentfulPaint": 3837.4290000000005,
  "totalBlockingTime": 2100.0000000000005,
  "cumulativeLayoutShift": 0,
  "timeToInteractive": 16577.699999999997,
  "maxPotentialFirstInputDelay": 983,
  "timeToFirstByte": 10.818999999999988,
  "weight": {
    "summary": "221 requests • 1,760 KiB",
    "total": 1802579,
    "image": 31039,
    "imageCount": 39,
    "script": 1354084,
    "scriptCount": 45,
    "document": 100651,
    "font": 150487,
    "fontCount": 7,
    "stylesheet": 153660,
    "stylesheetCount": 96,
    "thirdParty": 1338688,
    "thirdPartyCount": 98
  },
  "run": {
    "number": 2,
    "total": 2
  },
  "sidequests": {
    "-weight.total": 2,
    "+weight.total": 6,
    "-weight.document": 1,
    "+weight.document": 7,
    "-weight.script": 4,
    "+weight.script": 4,
    "-weight.image": 2,
    "+weight.image": 6,
    "-weight.font": 5,
    "+weight.font": 3,
    "+weight.fontCount": 3,
    "-timeToFirstByte": 3,
    "-totalBlockingTime": 4,
    "-largestContentfulPaint": 2
  },
  "axe": {
    "passes": 981,
    "violations": 16
  }
}