{
  "url": "https://www.gsb.stanford.edu/programs/mba/admission/application/education",
  "requestedUrl": "https://www.gsb.stanford.edu/programs/mba/admission/application/education",
  "timestamp": 1661817945255,
  "ranks": {
    "hundos": 1,
    "performance": 1,
    "accessibility": 4,
    "cumulative": 1
  },
  "lighthouse": {
    "version": "9.6.6",
    "performance": 0.41,
    "accessibility": 1,
    "bestPractices": 0.92,
    "seo": 0.93,
    "total": 326
  },
  "firstContentfulPaint": 3022.1109999999994,
  "firstMeaningfulPaint": 3022.1109999999994,
  "speedIndex": 6800.474986724784,
  "largestContentfulPaint": 3643.778999999999,
  "totalBlockingTime": 1958.5,
  "cumulativeLayoutShift": 0,
  "timeToInteractive": 16538.023499999996,
  "maxPotentialFirstInputDelay": 949,
  "timeToFirstByte": 404.303,
  "weight": {
    "summary": "221 requests • 1,762 KiB",
    "total": 1803842,
    "image": 31460,
    "imageCount": 39,
    "script": 1354869,
    "scriptCount": 45,
    "document": 100620,
    "font": 150547,
    "fontCount": 7,
    "stylesheet": 154062,
    "stylesheetCount": 96,
    "thirdParty": 1339318,
    "thirdPartyCount": 98
  },
  "run": {
    "number": 3,
    "total": 3
  },
  "sidequests": {
    "-weight.total": 4,
    "+weight.total": 10,
    "-weight.document": 2,
    "+weight.document": 12,
    "-weight.script": 7,
    "+weight.script": 7,
    "-weight.image": 4,
    "+weight.image": 10,
    "-weight.font": 10,
    "+weight.font": 3,
    "+weight.fontCount": 3,
    "-timeToFirstByte": 6,
    "-totalBlockingTime": 2,
    "-largestContentfulPaint": 2
  },
  "axe": {
    "passes": 981,
    "violations": 16
  }
}