{
  "url": "https://www.gsb.stanford.edu/faculty-research/faculty/matteo-maggiori",
  "requestedUrl": "https://www.gsb.stanford.edu/faculty-research/faculty/matteo-maggiori",
  "timestamp": 1661817663053,
  "ranks": {
    "hundos": 11,
    "performance": 6,
    "accessibility": 11,
    "cumulative": 11
  },
  "lighthouse": {
    "version": "9.6.6",
    "performance": 0.25,
    "accessibility": 0.87,
    "bestPractices": 0.83,
    "seo": 0.79,
    "total": 274
  },
  "firstContentfulPaint": 2806.8219999999997,
  "firstMeaningfulPaint": 2806.8219999999997,
  "speedIndex": 13755.492229216623,
  "largestContentfulPaint": 11866.035,
  "totalBlockingTime": 1544,
  "cumulativeLayoutShift": 0,
  "timeToInteractive": 15783.7,
  "maxPotentialFirstInputDelay": 930,
  "timeToFirstByte": 4402.227,
  "weight": {
    "summary": "185 requests • 1,638 KiB",
    "total": 1677133,
    "image": 21484,
    "imageCount": 38,
    "script": 1331883,
    "scriptCount": 38,
    "document": 99247,
    "font": 101468,
    "fontCount": 5,
    "stylesheet": 110962,
    "stylesheetCount": 69,
    "thirdParty": 1296041,
    "thirdPartyCount": 94
  },
  "run": {
    "number": 1,
    "total": 3
  },
  "sidequests": {
    "-weight.total": 1,
    "+weight.total": 11,
    "-weight.document": 6,
    "+weight.document": 6,
    "-weight.script": 4,
    "+weight.script": 8,
    "-weight.image": 1,
    "+weight.image": 11,
    "-weight.font": 7,
    "+weight.font": 5,
    "+weight.fontCount": 4,
    "-timeToFirstByte": 10,
    "-totalBlockingTime": 1,
    "-largestContentfulPaint": 6
  },
  "axe": {
    "passes": 1089,
    "violations": 19
  }
}