{
  "url": "https://www.gsb.stanford.edu/faculty-research/faculty/matteo-maggiori",
  "requestedUrl": "https://www.gsb.stanford.edu/faculty-research/faculty/matteo-maggiori",
  "timestamp": 1661829584701,
  "ranks": {
    "hundos": 10,
    "performance": 6,
    "accessibility": 10,
    "cumulative": 10
  },
  "lighthouse": {
    "version": "9.6.6",
    "performance": 0.26,
    "accessibility": 0.87,
    "bestPractices": 0.83,
    "seo": 0.79,
    "total": 275
  },
  "firstContentfulPaint": 2543.99,
  "firstMeaningfulPaint": 2543.99,
  "speedIndex": 8102.900759716064,
  "largestContentfulPaint": 12038.757,
  "totalBlockingTime": 2114,
  "cumulativeLayoutShift": 0,
  "timeToInteractive": 16110.918999999998,
  "maxPotentialFirstInputDelay": 1020,
  "timeToFirstByte": 69.416,
  "weight": {
    "summary": "182 requests • 1,640 KiB",
    "total": 1679278,
    "image": 23353,
    "imageCount": 38,
    "script": 1331787,
    "scriptCount": 38,
    "document": 99518,
    "font": 101338,
    "fontCount": 5,
    "stylesheet": 111075,
    "stylesheetCount": 69,
    "thirdParty": 1298222,
    "thirdPartyCount": 91
  },
  "run": {
    "number": 1,
    "total": 2
  },
  "sidequests": {
    "-weight.total": 1,
    "+weight.total": 10,
    "-weight.document": 6,
    "+weight.document": 5,
    "-weight.script": 4,
    "+weight.script": 7,
    "-weight.image": 1,
    "+weight.image": 10,
    "-weight.font": 6,
    "+weight.font": 5,
    "+weight.fontCount": 3,
    "-timeToFirstByte": 8,
    "-totalBlockingTime": 8,
    "-largestContentfulPaint": 7
  },
  "axe": {
    "passes": 1089,
    "violations": 19
  }
}