{
  "url": "https://www.gsb.stanford.edu/faculty-research/faculty/matteo-maggiori",
  "requestedUrl": "https://www.gsb.stanford.edu/faculty-research/faculty/matteo-maggiori",
  "timestamp": 1661819698284,
  "ranks": {
    "hundos": 11,
    "performance": 8,
    "accessibility": 11,
    "cumulative": 11
  },
  "lighthouse": {
    "version": "9.6.6",
    "performance": 0.24,
    "accessibility": 0.87,
    "bestPractices": 0.83,
    "seo": 0.79,
    "total": 273
  },
  "firstContentfulPaint": 2675.1580000000004,
  "firstMeaningfulPaint": 2675.1580000000004,
  "speedIndex": 11484.059012377285,
  "largestContentfulPaint": 12798.861999999997,
  "totalBlockingTime": 2132,
  "cumulativeLayoutShift": 0,
  "timeToInteractive": 16244.541499999998,
  "maxPotentialFirstInputDelay": 980,
  "timeToFirstByte": 3095.7290000000003,
  "weight": {
    "summary": "183 requests • 1,641 KiB",
    "total": 1680288,
    "image": 23301,
    "imageCount": 38,
    "script": 1332621,
    "scriptCount": 38,
    "document": 99753,
    "font": 101380,
    "fontCount": 5,
    "stylesheet": 111084,
    "stylesheetCount": 69,
    "thirdParty": 1299062,
    "thirdPartyCount": 92
  },
  "run": {
    "number": 3,
    "total": 3
  },
  "sidequests": {
    "-weight.total": 1,
    "+weight.total": 11,
    "-weight.document": 6,
    "+weight.document": 6,
    "-weight.script": 4,
    "+weight.script": 8,
    "-weight.image": 1,
    "+weight.image": 11,
    "-weight.font": 5,
    "+weight.font": 7,
    "+weight.fontCount": 4,
    "-timeToFirstByte": 6,
    "-totalBlockingTime": 7,
    "-largestContentfulPaint": 8
  },
  "axe": {
    "passes": 1089,
    "violations": 19
  }
}