{
  "url": "https://www.gsb.stanford.edu/newsroom/school-news/meet-mba-class-2022-talented-diverse",
  "requestedUrl": "https://www.gsb.stanford.edu/newsroom/school-news/meet-mba-class-2022-talented-diverse",
  "timestamp": 1661823613523,
  "ranks": {
    "hundos": 3,
    "performance": 4,
    "accessibility": 2,
    "cumulative": 3
  },
  "lighthouse": {
    "version": "9.6.6",
    "performance": 0.35,
    "accessibility": 1,
    "bestPractices": 0.92,
    "seo": 0.86,
    "total": 313
  },
  "firstContentfulPaint": 2878.000000000001,
  "firstMeaningfulPaint": 2878.000000000001,
  "speedIndex": 15307.825917203783,
  "largestContentfulPaint": 3704.766000000002,
  "totalBlockingTime": 5711.4999999999945,
  "cumulativeLayoutShift": 0.0081396484375,
  "timeToInteractive": 32163.056000000004,
  "maxPotentialFirstInputDelay": 1494,
  "timeToFirstByte": 17.077999999999996,
  "weight": {
    "summary": "264 requests • 4,279 KiB",
    "total": 4382199,
    "image": 623392,
    "imageCount": 42,
    "script": 3246097,
    "scriptCount": 55,
    "document": 150492,
    "font": 112787,
    "fontCount": 11,
    "stylesheet": 207386,
    "stylesheetCount": 109,
    "thirdParty": 3597175,
    "thirdPartyCount": 134
  },
  "run": {
    "number": 3,
    "total": 3
  },
  "sidequests": {
    "-weight.total": 9,
    "+weight.total": 2,
    "-weight.document": 10,
    "+weight.document": 1,
    "-weight.script": 10,
    "+weight.script": 1,
    "-weight.image": 9,
    "+weight.image": 2,
    "-weight.font": 9,
    "+weight.font": 2,
    "+weight.fontCount": 1,
    "-timeToFirstByte": 5,
    "-totalBlockingTime": 10,
    "-largestContentfulPaint": 1
  },
  "axe": {
    "passes": 1239,
    "violations": 21
  }
}