{
  "url": "https://www.gsb.stanford.edu/newsroom/school-news/meet-mba-class-2022-talented-diverse",
  "requestedUrl": "https://www.gsb.stanford.edu/newsroom/school-news/meet-mba-class-2022-talented-diverse",
  "timestamp": 1661829681868,
  "ranks": {
    "hundos": 3,
    "performance": 4,
    "accessibility": 2,
    "cumulative": 3
  },
  "lighthouse": {
    "version": "9.6.6",
    "performance": 0.36,
    "accessibility": 1,
    "bestPractices": 0.92,
    "seo": 0.86,
    "total": 314
  },
  "firstContentfulPaint": 3036.8630000000007,
  "firstMeaningfulPaint": 3036.8630000000007,
  "speedIndex": 14397.496279297573,
  "largestContentfulPaint": 3490.568000000001,
  "totalBlockingTime": 5589,
  "cumulativeLayoutShift": 0.0081396484375,
  "timeToInteractive": 31410.126236587526,
  "maxPotentialFirstInputDelay": 1821,
  "timeToFirstByte": 60.63399999999999,
  "weight": {
    "summary": "260 requests • 4,280 KiB",
    "total": 4382403,
    "image": 623589,
    "imageCount": 42,
    "script": 3245947,
    "scriptCount": 55,
    "document": 150961,
    "font": 112677,
    "fontCount": 11,
    "stylesheet": 206902,
    "stylesheetCount": 108,
    "thirdParty": 3598302,
    "thirdPartyCount": 131
  },
  "run": {
    "number": 1,
    "total": 2
  },
  "sidequests": {
    "-weight.total": 9,
    "+weight.total": 2,
    "-weight.document": 10,
    "+weight.document": 1,
    "-weight.script": 10,
    "+weight.script": 1,
    "-weight.image": 9,
    "+weight.image": 2,
    "-weight.font": 9,
    "+weight.font": 2,
    "+weight.fontCount": 1,
    "-timeToFirstByte": 5,
    "-totalBlockingTime": 10,
    "-largestContentfulPaint": 1
  },
  "axe": {
    "passes": 1239,
    "violations": 21
  }
}