{
  "url": "https://www.gsb.stanford.edu/newsroom/school-news/meet-mba-class-2022-talented-diverse",
  "requestedUrl": "https://www.gsb.stanford.edu/newsroom/school-news/meet-mba-class-2022-talented-diverse",
  "timestamp": 1661819808002,
  "ranks": {
    "hundos": 5,
    "performance": 5,
    "accessibility": 2,
    "cumulative": 5
  },
  "lighthouse": {
    "version": "9.6.6",
    "performance": 0.31,
    "accessibility": 1,
    "bestPractices": 0.92,
    "seo": 0.86,
    "total": 309
  },
  "firstContentfulPaint": 2876.7059999999997,
  "firstMeaningfulPaint": 2924.7059999999997,
  "speedIndex": 18899.719312057354,
  "largestContentfulPaint": 4257.994000000001,
  "totalBlockingTime": 5301.999999999998,
  "cumulativeLayoutShift": 0,
  "timeToInteractive": 30887.758,
  "maxPotentialFirstInputDelay": 1818,
  "timeToFirstByte": 3305.6299999999997,
  "weight": {
    "summary": "263 requests • 4,283 KiB",
    "total": 4385907,
    "image": 624274,
    "imageCount": 43,
    "script": 3245930,
    "scriptCount": 55,
    "document": 151400,
    "font": 112838,
    "fontCount": 11,
    "stylesheet": 209673,
    "stylesheetCount": 109,
    "thirdParty": 3597526,
    "thirdPartyCount": 132
  },
  "run": {
    "number": 3,
    "total": 3
  },
  "sidequests": {
    "-weight.total": 10,
    "+weight.total": 2,
    "-weight.document": 11,
    "+weight.document": 1,
    "-weight.script": 11,
    "+weight.script": 1,
    "-weight.image": 10,
    "+weight.image": 2,
    "-weight.font": 9,
    "+weight.font": 3,
    "+weight.fontCount": 1,
    "-timeToFirstByte": 7,
    "-totalBlockingTime": 11,
    "-largestContentfulPaint": 4
  },
  "axe": {
    "passes": 1239,
    "violations": 21
  }
}