{
  "url": "https://www.gsb.stanford.edu/programs/mba/admission/events/schedule",
  "requestedUrl": "https://www.gsb.stanford.edu/programs/mba/admission/events/schedule",
  "timestamp": 1661828698009,
  "ranks": {
    "hundos": 6,
    "performance": 5,
    "accessibility": 4,
    "cumulative": 6
  },
  "lighthouse": {
    "version": "9.6.6",
    "performance": 0.34,
    "accessibility": 1,
    "bestPractices": 0.92,
    "seo": 0.85,
    "total": 311
  },
  "firstContentfulPaint": 2871.4730000000004,
  "firstMeaningfulPaint": 2871.4730000000004,
  "speedIndex": 9519.659994298385,
  "largestContentfulPaint": 3996.257,
  "totalBlockingTime": 3995.145499999997,
  "cumulativeLayoutShift": 0,
  "timeToInteractive": 25298.013,
  "maxPotentialFirstInputDelay": 1623,
  "timeToFirstByte": 65.253,
  "weight": {
    "summary": "227 requests • 2,810 KiB",
    "total": 2877742,
    "image": 18525,
    "imageCount": 37,
    "script": 2488241,
    "scriptCount": 49,
    "document": 116649,
    "font": 101416,
    "fontCount": 10,
    "stylesheet": 140581,
    "stylesheetCount": 96,
    "thirdParty": 2454753,
    "thirdPartyCount": 110
  },
  "run": {
    "number": 1,
    "total": 2
  },
  "sidequests": {
    "-weight.total": 6,
    "+weight.total": 2,
    "-weight.document": 5,
    "+weight.document": 3,
    "-weight.script": 6,
    "+weight.script": 2,
    "-weight.image": 1,
    "+weight.image": 7,
    "-weight.font": 2,
    "+weight.font": 6,
    "+weight.fontCount": 2,
    "-timeToFirstByte": 6,
    "-totalBlockingTime": 6,
    "-largestContentfulPaint": 5
  },
  "axe": {
    "passes": 1369,
    "violations": 17
  }
}