{
  "url": "https://www.gsb.stanford.edu/programs/mba/admission/events/schedule",
  "requestedUrl": "https://www.gsb.stanford.edu/programs/mba/admission/events/schedule",
  "timestamp": 1661816139196,
  "ranks": {
    "hundos": 9,
    "performance": 8,
    "accessibility": 5,
    "cumulative": 9
  },
  "lighthouse": {
    "version": "9.6.6",
    "performance": 0.34,
    "accessibility": 1,
    "bestPractices": 0.83,
    "seo": 0.85,
    "total": 302
  },
  "firstContentfulPaint": 2974.287,
  "firstMeaningfulPaint": 2974.287,
  "speedIndex": 10031.149668298018,
  "largestContentfulPaint": 3995.7589999999987,
  "totalBlockingTime": 3356.4999999999986,
  "cumulativeLayoutShift": 0,
  "timeToInteractive": 24815.274000000005,
  "maxPotentialFirstInputDelay": 1478,
  "timeToFirstByte": 13.486999999999995,
  "weight": {
    "summary": "227 requests • 2,808 KiB",
    "total": 2875824,
    "image": 17016,
    "imageCount": 37,
    "script": 2488379,
    "scriptCount": 49,
    "document": 116485,
    "font": 101472,
    "fontCount": 10,
    "stylesheet": 141029,
    "stylesheetCount": 96,
    "thirdParty": 2452133,
    "thirdPartyCount": 110
  },
  "run": {
    "number": 2,
    "total": 3
  },
  "sidequests": {
    "-weight.total": 10,
    "+weight.total": 4,
    "-weight.document": 9,
    "+weight.document": 5,
    "-weight.script": 11,
    "+weight.script": 3,
    "-weight.image": 1,
    "+weight.image": 13,
    "-weight.font": 3,
    "+weight.font": 10,
    "+weight.fontCount": 2,
    "-timeToFirstByte": 6,
    "-totalBlockingTime": 9,
    "-largestContentfulPaint": 7
  },
  "axe": {
    "passes": 1367,
    "violations": 17
  }
}