{
  "url": "https://www.gsb.stanford.edu/programs/mba/admission/events/schedule",
  "requestedUrl": "https://www.gsb.stanford.edu/programs/mba/admission/events/schedule",
  "timestamp": 1661817184731,
  "ranks": {
    "hundos": 8,
    "performance": 8,
    "accessibility": 5,
    "cumulative": 8
  },
  "lighthouse": {
    "version": "9.6.6",
    "performance": 0.33,
    "accessibility": 1,
    "bestPractices": 0.92,
    "seo": 0.85,
    "total": 310
  },
  "firstContentfulPaint": 2949.7670000000007,
  "firstMeaningfulPaint": 3002.959500000001,
  "speedIndex": 9291.033396809238,
  "largestContentfulPaint": 4191.847000000002,
  "totalBlockingTime": 4168.499999999999,
  "cumulativeLayoutShift": 0,
  "timeToInteractive": 24944.190499999997,
  "maxPotentialFirstInputDelay": 1675,
  "timeToFirstByte": 10.756,
  "weight": {
    "summary": "226 requests • 2,809 KiB",
    "total": 2876549,
    "image": 17027,
    "imageCount": 37,
    "script": 2488851,
    "scriptCount": 49,
    "document": 116480,
    "font": 101375,
    "fontCount": 10,
    "stylesheet": 141596,
    "stylesheetCount": 96,
    "thirdParty": 2452278,
    "thirdPartyCount": 109
  },
  "run": {
    "number": 1,
    "total": 3
  },
  "sidequests": {
    "-weight.total": 10,
    "+weight.total": 4,
    "-weight.document": 9,
    "+weight.document": 5,
    "-weight.script": 11,
    "+weight.script": 3,
    "-weight.image": 1,
    "+weight.image": 13,
    "-weight.font": 1,
    "+weight.font": 12,
    "+weight.fontCount": 2,
    "-timeToFirstByte": 2,
    "-totalBlockingTime": 11,
    "-largestContentfulPaint": 8
  },
  "axe": {
    "passes": 1367,
    "violations": 17
  }
}