{
  "url": "https://www.gsb.stanford.edu/programs/mba/admission/events/schedule",
  "requestedUrl": "https://www.gsb.stanford.edu/programs/mba/admission/events/schedule",
  "timestamp": 1661822024037,
  "ranks": {
    "hundos": 6,
    "performance": 5,
    "accessibility": 4,
    "cumulative": 6
  },
  "lighthouse": {
    "version": "9.6.6",
    "performance": 0.36,
    "accessibility": 1,
    "bestPractices": 0.92,
    "seo": 0.85,
    "total": 313
  },
  "firstContentfulPaint": 2885.1139999999996,
  "firstMeaningfulPaint": 2885.1139999999996,
  "speedIndex": 9997.826277335455,
  "largestContentfulPaint": 3702.605999999999,
  "totalBlockingTime": 3536,
  "cumulativeLayoutShift": 0,
  "timeToInteractive": 25000.506,
  "maxPotentialFirstInputDelay": 1504,
  "timeToFirstByte": 14.172999999999995,
  "weight": {
    "summary": "227 requests • 2,808 KiB",
    "total": 2875204,
    "image": 16835,
    "imageCount": 37,
    "script": 2488628,
    "scriptCount": 49,
    "document": 116472,
    "font": 101343,
    "fontCount": 10,
    "stylesheet": 140527,
    "stylesheetCount": 96,
    "thirdParty": 2452245,
    "thirdPartyCount": 110
  },
  "run": {
    "number": 2,
    "total": 3
  },
  "sidequests": {
    "-weight.total": 6,
    "+weight.total": 2,
    "-weight.document": 5,
    "+weight.document": 3,
    "-weight.script": 6,
    "+weight.script": 2,
    "-weight.image": 1,
    "+weight.image": 7,
    "-weight.font": 1,
    "+weight.font": 7,
    "+weight.fontCount": 2,
    "-timeToFirstByte": 2,
    "-totalBlockingTime": 6,
    "-largestContentfulPaint": 2
  },
  "axe": {
    "passes": 1367,
    "violations": 17
  }
}