{
  "url": "https://www.gsb.stanford.edu/contact/wil-torres",
  "requestedUrl": "https://www.gsb.stanford.edu/contact/wil-torres",
  "timestamp": 1661823218490,
  "ranks": {
    "hundos": 9,
    "performance": 6,
    "accessibility": 6,
    "cumulative": 8
  },
  "lighthouse": {
    "version": "9.6.6",
    "performance": 0.27,
    "accessibility": 0.92,
    "bestPractices": 0.92,
    "seo": 0.79,
    "total": 290
  },
  "firstContentfulPaint": 2742.99,
  "firstMeaningfulPaint": 2742.99,
  "speedIndex": 7603.114950512235,
  "largestContentfulPaint": 12568.5405,
  "totalBlockingTime": 1870.500000000001,
  "cumulativeLayoutShift": 0,
  "timeToInteractive": 16463.881500000003,
  "maxPotentialFirstInputDelay": 875,
  "timeToFirstByte": 48.185,
  "weight": {
    "summary": "197 requests • 1,818 KiB",
    "total": 1861417,
    "image": 228513,
    "imageCount": 38,
    "script": 1312622,
    "scriptCount": 38,
    "document": 91983,
    "font": 101395,
    "fontCount": 5,
    "stylesheet": 115645,
    "stylesheetCount": 84,
    "thirdParty": 1295264,
    "thirdPartyCount": 91
  },
  "run": {
    "number": 1,
    "total": 3
  },
  "sidequests": {
    "-weight.total": 6,
    "+weight.total": 5,
    "-weight.document": 2,
    "+weight.document": 9,
    "-weight.script": 1,
    "+weight.script": 10,
    "-weight.image": 7,
    "+weight.image": 4,
    "-weight.font": 4,
    "+weight.font": 7,
    "+weight.fontCount": 3,
    "-timeToFirstByte": 9,
    "-totalBlockingTime": 5,
    "-largestContentfulPaint": 7
  },
  "axe": {
    "passes": 706,
    "violations": 19
  }
}