{
  "url": "https://www.gsb.stanford.edu/contact/wil-torres",
  "requestedUrl": "https://www.gsb.stanford.edu/contact/wil-torres",
  "timestamp": 1661829755051,
  "ranks": {
    "hundos": 8,
    "performance": 7,
    "accessibility": 6,
    "cumulative": 8
  },
  "lighthouse": {
    "version": "9.6.6",
    "performance": 0.26,
    "accessibility": 0.92,
    "bestPractices": 0.92,
    "seo": 0.79,
    "total": 289
  },
  "firstContentfulPaint": 2677.041,
  "firstMeaningfulPaint": 2677.041,
  "speedIndex": 8838.846714025784,
  "largestContentfulPaint": 12359.675999999998,
  "totalBlockingTime": 1909,
  "cumulativeLayoutShift": 0,
  "timeToInteractive": 16250.359999999995,
  "maxPotentialFirstInputDelay": 847,
  "timeToFirstByte": 62.56100000000001,
  "weight": {
    "summary": "196 requests • 1,820 KiB",
    "total": 1863257,
    "image": 229785,
    "imageCount": 38,
    "script": 1312471,
    "scriptCount": 38,
    "document": 92151,
    "font": 101360,
    "fontCount": 5,
    "stylesheet": 115282,
    "stylesheetCount": 84,
    "thirdParty": 1297684,
    "thirdPartyCount": 90
  },
  "run": {
    "number": 1,
    "total": 2
  },
  "sidequests": {
    "-weight.total": 6,
    "+weight.total": 5,
    "-weight.document": 2,
    "+weight.document": 9,
    "-weight.script": 1,
    "+weight.script": 10,
    "-weight.image": 7,
    "+weight.image": 4,
    "-weight.font": 8,
    "+weight.font": 3,
    "+weight.fontCount": 3,
    "-timeToFirstByte": 7,
    "-totalBlockingTime": 3,
    "-largestContentfulPaint": 8
  },
  "axe": {
    "passes": 706,
    "violations": 19
  }
}