{
  "url": "https://www.gsb.stanford.edu/contact/wil-torres",
  "requestedUrl": "https://www.gsb.stanford.edu/contact/wil-torres",
  "timestamp": 1661819884316,
  "ranks": {
    "hundos": 9,
    "performance": 6,
    "accessibility": 7,
    "cumulative": 9
  },
  "lighthouse": {
    "version": "9.6.6",
    "performance": 0.27,
    "accessibility": 0.92,
    "bestPractices": 0.92,
    "seo": 0.79,
    "total": 290
  },
  "firstContentfulPaint": 2663.2370000000005,
  "firstMeaningfulPaint": 2663.2370000000005,
  "speedIndex": 7368.369497228956,
  "largestContentfulPaint": 11747.057500000003,
  "totalBlockingTime": 1883.5,
  "cumulativeLayoutShift": 0,
  "timeToInteractive": 16312.150000000005,
  "maxPotentialFirstInputDelay": 849,
  "timeToFirstByte": 333.321,
  "weight": {
    "summary": "197 requests • 1,821 KiB",
    "total": 1864755,
    "image": 230353,
    "imageCount": 38,
    "script": 1312640,
    "scriptCount": 38,
    "document": 92153,
    "font": 101518,
    "fontCount": 5,
    "stylesheet": 115981,
    "stylesheetCount": 84,
    "thirdParty": 1298167,
    "thirdPartyCount": 91
  },
  "run": {
    "number": 3,
    "total": 3
  },
  "sidequests": {
    "-weight.total": 6,
    "+weight.total": 6,
    "-weight.document": 2,
    "+weight.document": 10,
    "-weight.script": 1,
    "+weight.script": 11,
    "-weight.image": 7,
    "+weight.image": 5,
    "-weight.font": 8,
    "+weight.font": 4,
    "+weight.fontCount": 4,
    "-timeToFirstByte": 1,
    "-totalBlockingTime": 2,
    "-largestContentfulPaint": 6
  },
  "axe": {
    "passes": 706,
    "violations": 19
  }
}