{
  "url": "https://www.gsb.stanford.edu/faculty-research/faculty/susan-athey",
  "requestedUrl": "https://www.gsb.stanford.edu/faculty-research/faculty/susan-athey",
  "timestamp": 1661821899161,
  "ranks": {
    "hundos": 7,
    "performance": 7,
    "accessibility": 7,
    "cumulative": 7
  },
  "lighthouse": {
    "version": "9.6.6",
    "performance": 0.23,
    "accessibility": 0.87,
    "bestPractices": 0.83,
    "seo": 0.78,
    "total": 271
  },
  "firstContentfulPaint": 2943.794999999999,
  "firstMeaningfulPaint": 2943.794999999999,
  "speedIndex": 10135.429112807367,
  "largestContentfulPaint": 12595.850999999995,
  "totalBlockingTime": 2485.3275000000012,
  "cumulativeLayoutShift": 0,
  "timeToInteractive": 18172.5935,
  "maxPotentialFirstInputDelay": 1208,
  "timeToFirstByte": 70.262,
  "weight": {
    "summary": "187 requests • 1,705 KiB",
    "total": 1746362,
    "image": 31342,
    "imageCount": 38,
    "script": 1332308,
    "scriptCount": 38,
    "document": 130197,
    "font": 125722,
    "fontCount": 6,
    "stylesheet": 115596,
    "stylesheetCount": 73,
    "thirdParty": 1295942,
    "thirdPartyCount": 91
  },
  "run": {
    "number": 1,
    "total": 3
  },
  "sidequests": {
    "-weight.total": 1,
    "+weight.total": 7,
    "-weight.document": 6,
    "+weight.document": 2,
    "-weight.script": 1,
    "+weight.script": 7,
    "-weight.image": 3,
    "+weight.image": 5,
    "-weight.font": 3,
    "+weight.font": 5,
    "+weight.fontCount": 4,
    "-timeToFirstByte": 7,
    "-totalBlockingTime": 5,
    "-largestContentfulPaint": 7
  },
  "axe": {
    "passes": 2562,
    "violations": 22
  }
}