{
  "url": "https://www.gsb.stanford.edu/faculty-research/faculty/susan-athey",
  "requestedUrl": "https://www.gsb.stanford.edu/faculty-research/faculty/susan-athey",
  "timestamp": 1661828748861,
  "ranks": {
    "hundos": 7,
    "performance": 7,
    "accessibility": 7,
    "cumulative": 7
  },
  "lighthouse": {
    "version": "9.6.6",
    "performance": 0.24,
    "accessibility": 0.87,
    "bestPractices": 0.83,
    "seo": 0.78,
    "total": 272
  },
  "firstContentfulPaint": 2781.7419999999997,
  "firstMeaningfulPaint": 2781.7419999999997,
  "speedIndex": 8703.97496304397,
  "largestContentfulPaint": 12725.1105,
  "totalBlockingTime": 2926.999999999998,
  "cumulativeLayoutShift": 0,
  "timeToInteractive": 17189.318999999996,
  "maxPotentialFirstInputDelay": 1298,
  "timeToFirstByte": 79.064,
  "weight": {
    "summary": "187 requests • 1,707 KiB",
    "total": 1748401,
    "image": 32524,
    "imageCount": 38,
    "script": 1332231,
    "scriptCount": 38,
    "document": 130311,
    "font": 125708,
    "fontCount": 6,
    "stylesheet": 115460,
    "stylesheetCount": 73,
    "thirdParty": 1298197,
    "thirdPartyCount": 91
  },
  "run": {
    "number": 1,
    "total": 2
  },
  "sidequests": {
    "-weight.total": 1,
    "+weight.total": 7,
    "-weight.document": 6,
    "+weight.document": 2,
    "-weight.script": 1,
    "+weight.script": 7,
    "-weight.image": 3,
    "+weight.image": 5,
    "-weight.font": 4,
    "+weight.font": 4,
    "+weight.fontCount": 4,
    "-timeToFirstByte": 7,
    "-totalBlockingTime": 5,
    "-largestContentfulPaint": 7
  },
  "axe": {
    "passes": 2562,
    "violations": 22
  }
}