{
  "url": "https://www.gsb.stanford.edu/faculty-research/faculty/susan-athey",
  "requestedUrl": "https://www.gsb.stanford.edu/faculty-research/faculty/susan-athey",
  "timestamp": 1661815656152,
  "ranks": {
    "hundos": 13,
    "performance": 11,
    "accessibility": 10,
    "cumulative": 13
  },
  "lighthouse": {
    "version": "9.6.6",
    "performance": 0.19,
    "accessibility": 0.87,
    "bestPractices": 0.83,
    "seo": 0.78,
    "total": 267
  },
  "firstContentfulPaint": 3340.8539999999994,
  "firstMeaningfulPaint": 3340.8539999999994,
  "speedIndex": 13285.712005206053,
  "largestContentfulPaint": 14295.927000000003,
  "totalBlockingTime": 7250.999999999992,
  "cumulativeLayoutShift": 0,
  "timeToInteractive": 21962.227499999997,
  "maxPotentialFirstInputDelay": 3095,
  "timeToFirstByte": 28.119,
  "weight": {
    "summary": "187 requests • 1,704 KiB",
    "total": 1745402,
    "image": 31267,
    "imageCount": 38,
    "script": 1331770,
    "scriptCount": 38,
    "document": 130188,
    "font": 125851,
    "fontCount": 6,
    "stylesheet": 115040,
    "stylesheetCount": 73,
    "thirdParty": 1295573,
    "thirdPartyCount": 91
  },
  "run": {
    "number": 2,
    "total": 3
  },
  "sidequests": {
    "-weight.total": 3,
    "+weight.total": 11,
    "-weight.document": 11,
    "+weight.document": 3,
    "-weight.script": 2,
    "+weight.script": 12,
    "-weight.image": 5,
    "+weight.image": 9,
    "-weight.font": 10,
    "+weight.font": 4,
    "+weight.fontCount": 4,
    "-timeToFirstByte": 1,
    "-totalBlockingTime": 8,
    "-largestContentfulPaint": 10
  },
  "axe": {
    "passes": 2562,
    "violations": 22
  }
}