{
  "url": "https://www.gsb.stanford.edu/faculty-research/faculty/susan-athey",
  "requestedUrl": "https://www.gsb.stanford.edu/faculty-research/faculty/susan-athey",
  "timestamp": 1661817267246,
  "ranks": {
    "hundos": 12,
    "performance": 9,
    "accessibility": 10,
    "cumulative": 12
  },
  "lighthouse": {
    "version": "9.6.6",
    "performance": 0.23,
    "accessibility": 0.87,
    "bestPractices": 0.83,
    "seo": 0.78,
    "total": 271
  },
  "firstContentfulPaint": 2790.212,
  "firstMeaningfulPaint": 2790.212,
  "speedIndex": 9987.118668782587,
  "largestContentfulPaint": 11731.404000000002,
  "totalBlockingTime": 3096.499999999998,
  "cumulativeLayoutShift": 0,
  "timeToInteractive": 18321.3445,
  "maxPotentialFirstInputDelay": 1378,
  "timeToFirstByte": 20.689999999999998,
  "weight": {
    "summary": "187 requests • 1,707 KiB",
    "total": 1748299,
    "image": 32097,
    "imageCount": 38,
    "script": 1332224,
    "scriptCount": 38,
    "document": 130367,
    "font": 125738,
    "fontCount": 6,
    "stylesheet": 115760,
    "stylesheetCount": 73,
    "thirdParty": 1297728,
    "thirdPartyCount": 91
  },
  "run": {
    "number": 1,
    "total": 3
  },
  "sidequests": {
    "-weight.total": 3,
    "+weight.total": 11,
    "-weight.document": 11,
    "+weight.document": 3,
    "-weight.script": 1,
    "+weight.script": 13,
    "-weight.image": 5,
    "+weight.image": 9,
    "-weight.font": 7,
    "+weight.font": 6,
    "+weight.fontCount": 4,
    "-timeToFirstByte": 4,
    "-totalBlockingTime": 8,
    "-largestContentfulPaint": 9
  },
  "axe": {
    "passes": 2562,
    "violations": 22
  }
}