{
  "url": "https://www.gsb.stanford.edu/experience",
  "requestedUrl": "https://www.gsb.stanford.edu/experience",
  "timestamp": 1661817055709,
  "ranks": {
    "hundos": 2,
    "performance": 2,
    "accessibility": 2,
    "cumulative": 2
  },
  "lighthouse": {
    "version": "9.6.6",
    "performance": 0.26,
    "accessibility": 1,
    "bestPractices": 1,
    "seo": 0.93,
    "total": 319
  },
  "firstContentfulPaint": 2752.3959999999997,
  "firstMeaningfulPaint": 2752.3959999999997,
  "speedIndex": 8161.51500598715,
  "largestContentfulPaint": 12249.021999999999,
  "totalBlockingTime": 1870.5,
  "cumulativeLayoutShift": 0,
  "timeToInteractive": 15218.5995,
  "maxPotentialFirstInputDelay": 1081,
  "timeToFirstByte": 55.976,
  "weight": {
    "summary": "192 requests • 1,704 KiB",
    "total": 1745400,
    "image": 55067,
    "imageCount": 38,
    "script": 1342290,
    "scriptCount": 39,
    "document": 103832,
    "font": 101359,
    "fontCount": 5,
    "stylesheet": 137557,
    "stylesheetCount": 94,
    "thirdParty": 1280581,
    "thirdPartyCount": 75
  },
  "run": {
    "number": 1,
    "total": 3
  },
  "sidequests": {
    "-weight.total": 2,
    "+weight.total": 6,
    "-weight.document": 2,
    "+weight.document": 6,
    "-weight.script": 1,
    "+weight.script": 7,
    "-weight.image": 2,
    "+weight.image": 6,
    "-weight.font": 1,
    "+weight.font": 7,
    "+weight.fontCount": 3,
    "-timeToFirstByte": 7,
    "-totalBlockingTime": 1,
    "-largestContentfulPaint": 5
  },
  "axe": {
    "passes": 846,
    "violations": 19
  }
}