{
  "url": "https://www.gsb.stanford.edu/experience",
  "requestedUrl": "https://www.gsb.stanford.edu/experience",
  "timestamp": 1661829356574,
  "ranks": {
    "hundos": 5,
    "performance": 2,
    "accessibility": 2,
    "cumulative": 5
  },
  "lighthouse": {
    "version": "9.6.6",
    "performance": 0.27,
    "accessibility": 1,
    "bestPractices": 0.83,
    "seo": 0.93,
    "total": 303
  },
  "firstContentfulPaint": 2749.59,
  "firstMeaningfulPaint": 2749.59,
  "speedIndex": 7808.5154777527305,
  "largestContentfulPaint": 11571.013,
  "totalBlockingTime": 1827.5,
  "cumulativeLayoutShift": 0,
  "timeToInteractive": 14820.337500000001,
  "maxPotentialFirstInputDelay": 1000,
  "timeToFirstByte": 8.542,
  "weight": {
    "summary": "185 requests • 1,536 KiB",
    "total": 1573013,
    "image": 55580,
    "imageCount": 34,
    "script": 1170360,
    "scriptCount": 38,
    "document": 104063,
    "font": 101438,
    "fontCount": 5,
    "stylesheet": 137314,
    "stylesheetCount": 94,
    "thirdParty": 1108398,
    "thirdPartyCount": 68
  },
  "run": {
    "number": 2,
    "total": 2
  },
  "sidequests": {
    "-weight.total": 1,
    "+weight.total": 7,
    "-weight.document": 2,
    "+weight.document": 6,
    "-weight.script": 1,
    "+weight.script": 7,
    "-weight.image": 2,
    "+weight.image": 6,
    "-weight.font": 3,
    "+weight.font": 5,
    "+weight.fontCount": 3,
    "-timeToFirstByte": 4,
    "-totalBlockingTime": 1,
    "-largestContentfulPaint": 4
  },
  "axe": {
    "passes": 846,
    "violations": 19
  }
}