{
  "url": "https://www.gsb.stanford.edu/experience",
  "requestedUrl": "https://www.gsb.stanford.edu/experience",
  "timestamp": 1661818492864,
  "ranks": {
    "hundos": 3,
    "performance": 4,
    "accessibility": 2,
    "cumulative": 3
  },
  "lighthouse": {
    "version": "9.6.6",
    "performance": 0.24,
    "accessibility": 1,
    "bestPractices": 0.92,
    "seo": 0.93,
    "total": 309
  },
  "firstContentfulPaint": 2772.0280000000002,
  "firstMeaningfulPaint": 2847.0280000000002,
  "speedIndex": 12632.001078772784,
  "largestContentfulPaint": 12063.288,
  "totalBlockingTime": 2113.2330000000047,
  "cumulativeLayoutShift": 0,
  "timeToInteractive": 15222.555000000004,
  "maxPotentialFirstInputDelay": 1094,
  "timeToFirstByte": 3405.668,
  "weight": {
    "summary": "190 requests • 1,706 KiB",
    "total": 1746468,
    "image": 56086,
    "imageCount": 38,
    "script": 1342703,
    "scriptCount": 39,
    "document": 104039,
    "font": 101425,
    "fontCount": 5,
    "stylesheet": 137978,
    "stylesheetCount": 94,
    "thirdParty": 1281007,
    "thirdPartyCount": 73
  },
  "run": {
    "number": 1,
    "total": 3
  },
  "sidequests": {
    "-weight.total": 2,
    "+weight.total": 6,
    "-weight.document": 2,
    "+weight.document": 6,
    "-weight.script": 1,
    "+weight.script": 7,
    "-weight.image": 2,
    "+weight.image": 6,
    "-weight.font": 1,
    "+weight.font": 7,
    "+weight.fontCount": 3,
    "-timeToFirstByte": 4,
    "-totalBlockingTime": 3,
    "-largestContentfulPaint": 4
  },
  "axe": {
    "passes": 846,
    "violations": 19
  }
}