{
  "url": "https://www.gsb.stanford.edu/experience",
  "requestedUrl": "https://www.gsb.stanford.edu/experience",
  "timestamp": 1661822660719,
  "ranks": {
    "hundos": 3,
    "performance": 4,
    "accessibility": 2,
    "cumulative": 3
  },
  "lighthouse": {
    "version": "9.6.6",
    "performance": 0.26,
    "accessibility": 1,
    "bestPractices": 0.92,
    "seo": 0.93,
    "total": 311
  },
  "firstContentfulPaint": 2801.951,
  "firstMeaningfulPaint": 2801.951,
  "speedIndex": 8757.810074227598,
  "largestContentfulPaint": 11312.396,
  "totalBlockingTime": 1787.4999999999995,
  "cumulativeLayoutShift": 0,
  "timeToInteractive": 15166.433500000001,
  "maxPotentialFirstInputDelay": 1037.0000000000018,
  "timeToFirstByte": 42.143,
  "weight": {
    "summary": "190 requests • 1,705 KiB",
    "total": 1745725,
    "image": 56252,
    "imageCount": 38,
    "script": 1342400,
    "scriptCount": 39,
    "document": 104068,
    "font": 101533,
    "fontCount": 5,
    "stylesheet": 137288,
    "stylesheetCount": 94,
    "thirdParty": 1280993,
    "thirdPartyCount": 73
  },
  "run": {
    "number": 2,
    "total": 3
  },
  "sidequests": {
    "-weight.total": 2,
    "+weight.total": 6,
    "-weight.document": 2,
    "+weight.document": 6,
    "-weight.script": 2,
    "+weight.script": 6,
    "-weight.image": 2,
    "+weight.image": 6,
    "-weight.font": 4,
    "+weight.font": 4,
    "+weight.fontCount": 3,
    "-timeToFirstByte": 4,
    "-totalBlockingTime": 2,
    "-largestContentfulPaint": 4
  },
  "axe": {
    "passes": 846,
    "violations": 19
  }
}