{
  "url": "https://www.gsb.stanford.edu/faculty-research",
  "requestedUrl": "https://www.gsb.stanford.edu/faculty-research",
  "timestamp": 1661829227311,
  "ranks": {
    "hundos": 2,
    "performance": 3,
    "accessibility": 1,
    "cumulative": 2
  },
  "lighthouse": {
    "version": "9.6.6",
    "performance": 0.26,
    "accessibility": 1,
    "bestPractices": 1,
    "seo": 0.93,
    "total": 319
  },
  "firstContentfulPaint": 3076.804,
  "firstMeaningfulPaint": 3076.804,
  "speedIndex": 7025.713775896284,
  "largestContentfulPaint": 13097.871,
  "totalBlockingTime": 2057,
  "cumulativeLayoutShift": 0,
  "timeToInteractive": 15923.498000000003,
  "maxPotentialFirstInputDelay": 1114,
  "timeToFirstByte": 67.769,
  "weight": {
    "summary": "185 requests • 2,948 KiB",
    "total": 3018524,
    "image": 1273198,
    "imageCount": 25,
    "script": 1343061,
    "scriptCount": 39,
    "document": 105187,
    "font": 125617,
    "fontCount": 6,
    "stylesheet": 169280,
    "stylesheetCount": 104,
    "thirdParty": 1273865,
    "thirdPartyCount": 55
  },
  "run": {
    "number": 1,
    "total": 2
  },
  "sidequests": {
    "-weight.total": 6,
    "+weight.total": 2,
    "-weight.document": 3,
    "+weight.document": 5,
    "-weight.script": 2,
    "+weight.script": 6,
    "-weight.image": 7,
    "+weight.image": 1,
    "-weight.font": 5,
    "+weight.font": 3,
    "+weight.fontCount": 2,
    "-timeToFirstByte": 6,
    "-totalBlockingTime": 4,
    "-largestContentfulPaint": 6
  },
  "axe": {
    "passes": 1046,
    "violations": 16
  }
}