{
  "url": "https://www.gsb.stanford.edu/faculty-research",
  "requestedUrl": "https://www.gsb.stanford.edu/faculty-research",
  "timestamp": 1661818736277,
  "ranks": {
    "hundos": 2,
    "performance": 2,
    "accessibility": 1,
    "cumulative": 2
  },
  "lighthouse": {
    "version": "9.6.6",
    "performance": 0.25,
    "accessibility": 1,
    "bestPractices": 1,
    "seo": 0.93,
    "total": 318
  },
  "firstContentfulPaint": 3066.793,
  "firstMeaningfulPaint": 3066.793,
  "speedIndex": 7932.412481037763,
  "largestContentfulPaint": 12937.591,
  "totalBlockingTime": 2002,
  "cumulativeLayoutShift": 0,
  "timeToInteractive": 15684.051,
  "maxPotentialFirstInputDelay": 1069,
  "timeToFirstByte": 11.094,
  "weight": {
    "summary": "184 requests • 2,948 KiB",
    "total": 3018788,
    "image": 1273240,
    "imageCount": 25,
    "script": 1342876,
    "scriptCount": 39,
    "document": 104834,
    "font": 125712,
    "fontCount": 6,
    "stylesheet": 169966,
    "stylesheetCount": 104,
    "thirdParty": 1273264,
    "thirdPartyCount": 54
  },
  "run": {
    "number": 2,
    "total": 3
  },
  "sidequests": {
    "-weight.total": 6,
    "+weight.total": 2,
    "-weight.document": 3,
    "+weight.document": 5,
    "-weight.script": 2,
    "+weight.script": 6,
    "-weight.image": 7,
    "+weight.image": 1,
    "-weight.font": 5,
    "+weight.font": 3,
    "+weight.fontCount": 2,
    "-timeToFirstByte": 2,
    "-totalBlockingTime": 2,
    "-largestContentfulPaint": 5
  },
  "axe": {
    "passes": 1046,
    "violations": 16
  }
}