{
  "url": "https://www.gsb.stanford.edu/faculty-research",
  "requestedUrl": "https://www.gsb.stanford.edu/faculty-research",
  "timestamp": 1661822709886,
  "ranks": {
    "hundos": 2,
    "performance": 3,
    "accessibility": 1,
    "cumulative": 2
  },
  "lighthouse": {
    "version": "9.6.6",
    "performance": 0.26,
    "accessibility": 1,
    "bestPractices": 1,
    "seo": 0.93,
    "total": 319
  },
  "firstContentfulPaint": 3054.675,
  "firstMeaningfulPaint": 3054.675,
  "speedIndex": 7815.643197668918,
  "largestContentfulPaint": 13148.619999999999,
  "totalBlockingTime": 1763.2005000000017,
  "cumulativeLayoutShift": 0,
  "timeToInteractive": 15568.916500000003,
  "maxPotentialFirstInputDelay": 999,
  "timeToFirstByte": 43.182,
  "weight": {
    "summary": "184 requests • 2,947 KiB",
    "total": 3018193,
    "image": 1273238,
    "imageCount": 25,
    "script": 1342921,
    "scriptCount": 39,
    "document": 104810,
    "font": 125660,
    "fontCount": 6,
    "stylesheet": 169373,
    "stylesheetCount": 104,
    "thirdParty": 1273280,
    "thirdPartyCount": 54
  },
  "run": {
    "number": 2,
    "total": 3
  },
  "sidequests": {
    "-weight.total": 6,
    "+weight.total": 2,
    "-weight.document": 3,
    "+weight.document": 5,
    "-weight.script": 3,
    "+weight.script": 5,
    "-weight.image": 7,
    "+weight.image": 1,
    "-weight.font": 5,
    "+weight.font": 3,
    "+weight.fontCount": 2,
    "-timeToFirstByte": 5,
    "-totalBlockingTime": 1,
    "-largestContentfulPaint": 6
  },
  "axe": {
    "passes": 1046,
    "violations": 16
  }
}