{
  "url": "https://www.gsb.stanford.edu/programs",
  "requestedUrl": "https://www.gsb.stanford.edu/programs",
  "timestamp": 1661817264359,
  "ranks": {
    "hundos": 6,
    "performance": 5,
    "accessibility": 4,
    "cumulative": 6
  },
  "lighthouse": {
    "version": "9.6.6",
    "performance": 0.25,
    "accessibility": 0.98,
    "bestPractices": 0.83,
    "seo": 0.93,
    "total": 299
  },
  "firstContentfulPaint": 2779.161,
  "firstMeaningfulPaint": 2779.161,
  "speedIndex": 9365.063976447103,
  "largestContentfulPaint": 7698.942,
  "totalBlockingTime": 2072.964,
  "cumulativeLayoutShift": 0,
  "timeToInteractive": 18552.406000000003,
  "maxPotentialFirstInputDelay": 1546,
  "timeToFirstByte": 16.563,
  "weight": {
    "summary": "174 requests • 2,298 KiB",
    "total": 2352837,
    "image": 635643,
    "imageCount": 26,
    "script": 1372057,
    "scriptCount": 41,
    "document": 115825,
    "font": 101415,
    "fontCount": 5,
    "stylesheet": 125683,
    "stylesheetCount": 92,
    "thirdParty": 1276088,
    "thirdPartyCount": 58
  },
  "run": {
    "number": 2,
    "total": 3
  },
  "sidequests": {
    "-weight.total": 4,
    "+weight.total": 4,
    "-weight.document": 5,
    "+weight.document": 3,
    "-weight.script": 5,
    "+weight.script": 3,
    "-weight.image": 5,
    "+weight.image": 3,
    "-weight.font": 3,
    "+weight.font": 5,
    "+weight.fontCount": 3,
    "-timeToFirstByte": 6,
    "-totalBlockingTime": 2,
    "-largestContentfulPaint": 4
  },
  "axe": {
    "passes": 3731,
    "violations": 16
  }
}