{
  "url": "https://www.gsb.stanford.edu/programs",
  "requestedUrl": "https://www.gsb.stanford.edu/programs",
  "timestamp": 1661818709635,
  "ranks": {
    "hundos": 4,
    "performance": 3,
    "accessibility": 4,
    "cumulative": 4
  },
  "lighthouse": {
    "version": "9.6.6",
    "performance": 0.25,
    "accessibility": 0.98,
    "bestPractices": 0.92,
    "seo": 0.93,
    "total": 308
  },
  "firstContentfulPaint": 2831.504,
  "firstMeaningfulPaint": 2831.504,
  "speedIndex": 9135.476028175815,
  "largestContentfulPaint": 13131.02,
  "totalBlockingTime": 1662.9749999999976,
  "cumulativeLayoutShift": 0,
  "timeToInteractive": 18013.494999999995,
  "maxPotentialFirstInputDelay": 1469.9999999999982,
  "timeToFirstByte": 10.056999999999999,
  "weight": {
    "summary": "171 requests • 2,297 KiB",
    "total": 2352396,
    "image": 634611,
    "imageCount": 23,
    "script": 1372703,
    "scriptCount": 41,
    "document": 115476,
    "font": 101566,
    "fontCount": 5,
    "stylesheet": 125857,
    "stylesheetCount": 92,
    "thirdParty": 1275395,
    "thirdPartyCount": 55
  },
  "run": {
    "number": 2,
    "total": 3
  },
  "sidequests": {
    "-weight.total": 4,
    "+weight.total": 4,
    "-weight.document": 6,
    "+weight.document": 2,
    "-weight.script": 5,
    "+weight.script": 3,
    "-weight.image": 5,
    "+weight.image": 3,
    "-weight.font": 4,
    "+weight.font": 4,
    "+weight.fontCount": 3,
    "-timeToFirstByte": 1,
    "-totalBlockingTime": 1,
    "-largestContentfulPaint": 7
  },
  "axe": {
    "passes": 3731,
    "violations": 16
  }
}