{
  "url": "https://www.gsb.stanford.edu/events",
  "requestedUrl": "https://www.gsb.stanford.edu/events",
  "timestamp": 1661829299060,
  "ranks": {
    "hundos": 1,
    "performance": 1,
    "accessibility": 5,
    "cumulative": 1
  },
  "lighthouse": {
    "version": "9.6.6",
    "performance": 0.42,
    "accessibility": 0.98,
    "bestPractices": 1,
    "seo": 0.93,
    "total": 333
  },
  "firstContentfulPaint": 2837.81,
  "firstMeaningfulPaint": 2837.81,
  "speedIndex": 6090.953250401485,
  "largestContentfulPaint": 3914.81,
  "totalBlockingTime": 1873,
  "cumulativeLayoutShift": 0,
  "timeToInteractive": 14702.109999999999,
  "maxPotentialFirstInputDelay": 1077,
  "timeToFirstByte": 79.242,
  "weight": {
    "summary": "164 requests • 1,644 KiB",
    "total": 1683095,
    "image": 9771,
    "imageCount": 22,
    "script": 1350102,
    "scriptCount": 40,
    "document": 98013,
    "font": 101368,
    "fontCount": 5,
    "stylesheet": 121619,
    "stylesheetCount": 87,
    "thirdParty": 1273647,
    "thirdPartyCount": 54
  },
  "run": {
    "number": 1,
    "total": 2
  },
  "sidequests": {
    "-weight.total": 2,
    "+weight.total": 6,
    "-weight.document": 1,
    "+weight.document": 7,
    "-weight.script": 3,
    "+weight.script": 5,
    "-weight.image": 1,
    "+weight.image": 7,
    "-weight.font": 1,
    "+weight.font": 7,
    "+weight.fontCount": 3,
    "-timeToFirstByte": 7,
    "-totalBlockingTime": 2,
    "-largestContentfulPaint": 1
  },
  "axe": {
    "passes": 1139,
    "violations": 18
  }
}