{
  "url": "https://www.gsb.stanford.edu/events",
  "requestedUrl": "https://www.gsb.stanford.edu/events",
  "timestamp": 1661818630340,
  "ranks": {
    "hundos": 1,
    "performance": 1,
    "accessibility": 5,
    "cumulative": 1
  },
  "lighthouse": {
    "version": "9.6.6",
    "performance": 0.37,
    "accessibility": 0.98,
    "bestPractices": 1,
    "seo": 0.93,
    "total": 328
  },
  "firstContentfulPaint": 2819.755,
  "firstMeaningfulPaint": 2819.755,
  "speedIndex": 11666.170682039652,
  "largestContentfulPaint": 3918.755,
  "totalBlockingTime": 2116,
  "cumulativeLayoutShift": 0,
  "timeToInteractive": 15092.600999999999,
  "maxPotentialFirstInputDelay": 1109,
  "timeToFirstByte": 3807.833,
  "weight": {
    "summary": "164 requests • 1,645 KiB",
    "total": 1684747,
    "image": 9837,
    "imageCount": 22,
    "script": 1350951,
    "scriptCount": 40,
    "document": 98010,
    "font": 101499,
    "fontCount": 5,
    "stylesheet": 122209,
    "stylesheetCount": 87,
    "thirdParty": 1274299,
    "thirdPartyCount": 54
  },
  "run": {
    "number": 1,
    "total": 3
  },
  "sidequests": {
    "-weight.total": 1,
    "+weight.total": 7,
    "-weight.document": 1,
    "+weight.document": 7,
    "-weight.script": 3,
    "+weight.script": 5,
    "-weight.image": 1,
    "+weight.image": 7,
    "-weight.font": 3,
    "+weight.font": 5,
    "+weight.fontCount": 3,
    "-timeToFirstByte": 5,
    "-totalBlockingTime": 4,
    "-largestContentfulPaint": 1
  },
  "axe": {
    "passes": 1139,
    "violations": 18
  }
}