{
  "url": "https://www.gsb.stanford.edu/insights/stereotyping-makes-people-more-likely-act-badly",
  "requestedUrl": "https://www.gsb.stanford.edu/insights/stereotyping-makes-people-more-likely-act-badly",
  "timestamp": 1661815460955,
  "ranks": {
    "hundos": 6,
    "performance": 1,
    "accessibility": 9,
    "cumulative": 6
  },
  "lighthouse": {
    "version": "9.6.6",
    "performance": 0.36,
    "accessibility": 0.99,
    "bestPractices": 0.92,
    "seo": 0.85,
    "total": 312
  },
  "firstContentfulPaint": 2905.135,
  "firstMeaningfulPaint": 2960.481,
  "speedIndex": 12941.874673064973,
  "largestContentfulPaint": 3713.955000000001,
  "totalBlockingTime": 3935.4999999999964,
  "cumulativeLayoutShift": 0.022273763020833334,
  "timeToInteractive": 18144.129999999997,
  "maxPotentialFirstInputDelay": 1635.0000000000018,
  "timeToFirstByte": 3404.2230000000004,
  "weight": {
    "summary": "219 requests • 1,822 KiB",
    "total": 1865882,
    "image": 86044,
    "imageCount": 40,
    "script": 1405747,
    "scriptCount": 43,
    "document": 102873,
    "font": 125735,
    "fontCount": 6,
    "stylesheet": 134111,
    "stylesheetCount": 96,
    "thirdParty": 1373063,
    "thirdPartyCount": 99
  },
  "run": {
    "number": 1,
    "total": 3
  },
  "sidequests": {
    "-weight.total": 6,
    "+weight.total": 8,
    "-weight.document": 2,
    "+weight.document": 12,
    "-weight.script": 8,
    "+weight.script": 6,
    "-weight.image": 7,
    "+weight.image": 7,
    "-weight.font": 8,
    "+weight.font": 6,
    "+weight.fontCount": 4,
    "-timeToFirstByte": 11,
    "-totalBlockingTime": 1,
    "-largestContentfulPaint": 1
  },
  "axe": {
    "passes": 1204,
    "violations": 24
  }
}