{
  "url": "https://www.gsb.stanford.edu/insights/stereotyping-makes-people-more-likely-act-badly",
  "requestedUrl": "https://www.gsb.stanford.edu/insights/stereotyping-makes-people-more-likely-act-badly",
  "timestamp": 1661818237301,
  "ranks": {
    "hundos": 7,
    "performance": 2,
    "accessibility": 9,
    "cumulative": 7
  },
  "lighthouse": {
    "version": "9.6.6",
    "performance": 0.38,
    "accessibility": 0.99,
    "bestPractices": 0.92,
    "seo": 0.85,
    "total": 314
  },
  "firstContentfulPaint": 2756.783,
  "firstMeaningfulPaint": 2756.783,
  "speedIndex": 11203.364439937664,
  "largestContentfulPaint": 3773.4980000000005,
  "totalBlockingTime": 1979.349500000002,
  "cumulativeLayoutShift": 0.022273763020833334,
  "timeToInteractive": 17189.213499999998,
  "maxPotentialFirstInputDelay": 954,
  "timeToFirstByte": 3215.781,
  "weight": {
    "summary": "220 requests • 1,826 KiB",
    "total": 1869586,
    "image": 86942,
    "imageCount": 40,
    "script": 1406575,
    "scriptCount": 43,
    "document": 103095,
    "font": 125765,
    "fontCount": 6,
    "stylesheet": 134833,
    "stylesheetCount": 96,
    "thirdParty": 1375979,
    "thirdPartyCount": 100
  },
  "run": {
    "number": 3,
    "total": 3
  },
  "sidequests": {
    "-weight.total": 6,
    "+weight.total": 8,
    "-weight.document": 3,
    "+weight.document": 11,
    "-weight.script": 8,
    "+weight.script": 6,
    "-weight.image": 7,
    "+weight.image": 7,
    "-weight.font": 8,
    "+weight.font": 5,
    "+weight.fontCount": 4,
    "-timeToFirstByte": 8,
    "-totalBlockingTime": 3,
    "-largestContentfulPaint": 5
  },
  "axe": {
    "passes": 1204,
    "violations": 24
  }
}