{
  "url": "https://www.gsb.stanford.edu/",
  "requestedUrl": "https://www.gsb.stanford.edu/",
  "timestamp": 1661817189945,
  "ranks": {
    "hundos": 7,
    "performance": 6,
    "accessibility": 6,
    "cumulative": 7
  },
  "lighthouse": {
    "version": "9.6.6",
    "performance": 0.22,
    "accessibility": 0.98,
    "bestPractices": 0.83,
    "seo": 0.93,
    "total": 296
  },
  "firstContentfulPaint": 3180.2419999999997,
  "firstMeaningfulPaint": 3264.7149999999997,
  "speedIndex": 13879.506691797797,
  "largestContentfulPaint": 6230.323999999999,
  "totalBlockingTime": 9172.499999999989,
  "cumulativeLayoutShift": 0,
  "timeToInteractive": 29746.515420104974,
  "maxPotentialFirstInputDelay": 3003.9999999999927,
  "timeToFirstByte": 69.628,
  "weight": {
    "summary": "272 requests • 3,966 KiB",
    "total": 4060915,
    "image": 1079534,
    "imageCount": 60,
    "script": 2446388,
    "scriptCount": 52,
    "document": 112242,
    "font": 129828,
    "fontCount": 7,
    "stylesheet": 267064,
    "stylesheetCount": 107,
    "thirdParty": 3045081,
    "thirdPartyCount": 142
  },
  "run": {
    "number": 2,
    "total": 3
  },
  "sidequests": {
    "-weight.total": 7,
    "+weight.total": 1,
    "-weight.document": 5,
    "+weight.document": 3,
    "-weight.script": 7,
    "+weight.script": 1,
    "-weight.image": 6,
    "+weight.image": 2,
    "-weight.font": 7,
    "+weight.font": 1,
    "+weight.fontCount": 1,
    "-timeToFirstByte": 6,
    "-totalBlockingTime": 7,
    "-largestContentfulPaint": 3
  },
  "axe": {
    "passes": 1173,
    "violations": 27
  }
}