{
  "url": "https://www.gsb.stanford.edu/",
  "requestedUrl": "https://www.gsb.stanford.edu/",
  "timestamp": 1661829153760,
  "ranks": {
    "hundos": 7,
    "performance": 7,
    "accessibility": 6,
    "cumulative": 7
  },
  "lighthouse": {
    "version": "9.6.6",
    "performance": 0.21,
    "accessibility": 0.98,
    "bestPractices": 0.83,
    "seo": 0.93,
    "total": 295
  },
  "firstContentfulPaint": 3085.138999999999,
  "firstMeaningfulPaint": 3085.138999999999,
  "speedIndex": 11492.048261691358,
  "largestContentfulPaint": 12719.380946159361,
  "totalBlockingTime": 3428,
  "cumulativeLayoutShift": 0,
  "timeToInteractive": 27042.086900810238,
  "maxPotentialFirstInputDelay": 1159,
  "timeToFirstByte": 4.565000000000001,
  "weight": {
    "summary": "274 requests • 3,966 KiB",
    "total": 4061478,
    "image": 1079445,
    "imageCount": 60,
    "script": 2446193,
    "scriptCount": 52,
    "document": 112290,
    "font": 129858,
    "fontCount": 7,
    "stylesheet": 267430,
    "stylesheetCount": 107,
    "thirdParty": 3045489,
    "thirdPartyCount": 144
  },
  "run": {
    "number": 1,
    "total": 2
  },
  "sidequests": {
    "-weight.total": 7,
    "+weight.total": 1,
    "-weight.document": 5,
    "+weight.document": 3,
    "-weight.script": 7,
    "+weight.script": 1,
    "-weight.image": 6,
    "+weight.image": 2,
    "-weight.font": 7,
    "+weight.font": 1,
    "+weight.fontCount": 1,
    "-timeToFirstByte": 1,
    "-totalBlockingTime": 7,
    "-largestContentfulPaint": 5
  },
  "axe": {
    "passes": 1173,
    "violations": 27
  }
}