{
  "url": "https://www.gsb.stanford.edu/",
  "requestedUrl": "https://www.gsb.stanford.edu/",
  "timestamp": 1661818851596,
  "ranks": {
    "hundos": 7,
    "performance": 7,
    "accessibility": 6,
    "cumulative": 7
  },
  "lighthouse": {
    "version": "9.6.6",
    "performance": 0.2,
    "accessibility": 0.98,
    "bestPractices": 0.83,
    "seo": 0.93,
    "total": 294
  },
  "firstContentfulPaint": 3175.527000000001,
  "firstMeaningfulPaint": 3175.527000000001,
  "speedIndex": 11824.347746213016,
  "largestContentfulPaint": 12941.859,
  "totalBlockingTime": 3434.23753116608,
  "cumulativeLayoutShift": 0,
  "timeToInteractive": 27764.99990081024,
  "maxPotentialFirstInputDelay": 1172,
  "timeToFirstByte": 36.12799999999999,
  "weight": {
    "summary": "274 requests • 3,966 KiB",
    "total": 4061173,
    "image": 1079436,
    "imageCount": 60,
    "script": 2446144,
    "scriptCount": 52,
    "document": 112466,
    "font": 129901,
    "fontCount": 7,
    "stylesheet": 267379,
    "stylesheetCount": 107,
    "thirdParty": 3044701,
    "thirdPartyCount": 144
  },
  "run": {
    "number": 3,
    "total": 3
  },
  "sidequests": {
    "-weight.total": 7,
    "+weight.total": 1,
    "-weight.document": 5,
    "+weight.document": 3,
    "-weight.script": 7,
    "+weight.script": 1,
    "-weight.image": 6,
    "+weight.image": 2,
    "-weight.font": 7,
    "+weight.font": 1,
    "+weight.fontCount": 1,
    "-timeToFirstByte": 3,
    "-totalBlockingTime": 7,
    "-largestContentfulPaint": 6
  },
  "axe": {
    "passes": 1173,
    "violations": 27
  }
}