{
  "url": "https://www.gsb.stanford.edu/",
  "requestedUrl": "https://www.gsb.stanford.edu/",
  "timestamp": 1661822808623,
  "ranks": {
    "hundos": 7,
    "performance": 7,
    "accessibility": 6,
    "cumulative": 7
  },
  "lighthouse": {
    "version": "9.6.6",
    "performance": 0.21,
    "accessibility": 0.98,
    "bestPractices": 0.83,
    "seo": 0.93,
    "total": 295
  },
  "firstContentfulPaint": 3102.8550000000005,
  "firstMeaningfulPaint": 3102.8550000000005,
  "speedIndex": 11448.939928221222,
  "largestContentfulPaint": 11345.029999999995,
  "totalBlockingTime": 3156.500000000002,
  "cumulativeLayoutShift": 0,
  "timeToInteractive": 28090.247900810245,
  "maxPotentialFirstInputDelay": 1055,
  "timeToFirstByte": 17.564999999999998,
  "weight": {
    "summary": "271 requests • 3,963 KiB",
    "total": 4058317,
    "image": 1078106,
    "imageCount": 60,
    "script": 2446082,
    "scriptCount": 52,
    "document": 112127,
    "font": 129884,
    "fontCount": 7,
    "stylesheet": 267301,
    "stylesheetCount": 107,
    "thirdParty": 3042237,
    "thirdPartyCount": 141
  },
  "run": {
    "number": 3,
    "total": 3
  },
  "sidequests": {
    "-weight.total": 7,
    "+weight.total": 1,
    "-weight.document": 5,
    "+weight.document": 3,
    "-weight.script": 7,
    "+weight.script": 1,
    "-weight.image": 6,
    "+weight.image": 2,
    "-weight.font": 7,
    "+weight.font": 1,
    "+weight.fontCount": 1,
    "-timeToFirstByte": 2,
    "-totalBlockingTime": 7,
    "-largestContentfulPaint": 5
  },
  "axe": {
    "passes": 1173,
    "violations": 27
  }
}