{
  "url": "https://www.gsb.stanford.edu/programs/phd/fields/marketing",
  "requestedUrl": "https://www.gsb.stanford.edu/programs/phd/fields/marketing",
  "timestamp": 1661821997991,
  "ranks": {
    "hundos": 3,
    "performance": 4,
    "accessibility": 2,
    "cumulative": 3
  },
  "lighthouse": {
    "version": "9.6.6",
    "performance": 0.37,
    "accessibility": 1,
    "bestPractices": 0.92,
    "seo": 0.93,
    "total": 322
  },
  "firstContentfulPaint": 3109.1079999999993,
  "firstMeaningfulPaint": 3109.1079999999993,
  "speedIndex": 7557.630169589663,
  "largestContentfulPaint": 4092.887999999999,
  "totalBlockingTime": 1936.0000000000018,
  "cumulativeLayoutShift": 0,
  "timeToInteractive": 17095.070500000005,
  "maxPotentialFirstInputDelay": 1035,
  "timeToFirstByte": 50.552,
  "weight": {
    "summary": "220 requests • 1,784 KiB",
    "total": 1827067,
    "image": 62017,
    "imageCount": 38,
    "script": 1351035,
    "scriptCount": 39,
    "document": 105478,
    "font": 125723,
    "fontCount": 6,
    "stylesheet": 171499,
    "stylesheetCount": 105,
    "thirdParty": 1296079,
    "thirdPartyCount": 91
  },
  "run": {
    "number": 1,
    "total": 3
  },
  "sidequests": {
    "-weight.total": 3,
    "+weight.total": 5,
    "-weight.document": 4,
    "+weight.document": 4,
    "-weight.script": 3,
    "+weight.script": 5,
    "-weight.image": 4,
    "+weight.image": 4,
    "-weight.font": 4,
    "+weight.font": 4,
    "+weight.fontCount": 4,
    "-timeToFirstByte": 5,
    "-totalBlockingTime": 3,
    "-largestContentfulPaint": 5
  },
  "axe": {
    "passes": 1329,
    "violations": 16
  }
}