{
  "url": "https://www.gsb.stanford.edu/programs/phd/fields/marketing",
  "requestedUrl": "https://www.gsb.stanford.edu/programs/phd/fields/marketing",
  "timestamp": 1661817774598,
  "ranks": {
    "hundos": 4,
    "performance": 6,
    "accessibility": 2,
    "cumulative": 3
  },
  "lighthouse": {
    "version": "9.6.6",
    "performance": 0.35,
    "accessibility": 1,
    "bestPractices": 0.92,
    "seo": 0.93,
    "total": 320
  },
  "firstContentfulPaint": 3046.178000000001,
  "firstMeaningfulPaint": 3046.178000000001,
  "speedIndex": 13057.599677695991,
  "largestContentfulPaint": 3999.0130000000017,
  "totalBlockingTime": 2142.330000000001,
  "cumulativeLayoutShift": 0,
  "timeToInteractive": 17035.580000000005,
  "maxPotentialFirstInputDelay": 1036,
  "timeToFirstByte": 4678.672,
  "weight": {
    "summary": "220 requests • 1,786 KiB",
    "total": 1829132,
    "image": 63352,
    "imageCount": 38,
    "script": 1351056,
    "scriptCount": 39,
    "document": 105695,
    "font": 125687,
    "fontCount": 6,
    "stylesheet": 171503,
    "stylesheetCount": 105,
    "thirdParty": 1298021,
    "thirdPartyCount": 91
  },
  "run": {
    "number": 2,
    "total": 3
  },
  "sidequests": {
    "-weight.total": 5,
    "+weight.total": 9,
    "-weight.document": 6,
    "+weight.document": 8,
    "-weight.script": 6,
    "+weight.script": 8,
    "-weight.image": 6,
    "+weight.image": 8,
    "-weight.font": 6,
    "+weight.font": 7,
    "+weight.fontCount": 4,
    "-timeToFirstByte": 11,
    "-totalBlockingTime": 4,
    "-largestContentfulPaint": 6
  },
  "axe": {
    "passes": 1329,
    "violations": 16
  }
}