{
  "url": "https://www.gsb.stanford.edu/programs/phd/fields/marketing",
  "requestedUrl": "https://www.gsb.stanford.edu/programs/phd/fields/marketing",
  "timestamp": 1661828852285,
  "ranks": {
    "hundos": 2,
    "performance": 4,
    "accessibility": 2,
    "cumulative": 2
  },
  "lighthouse": {
    "version": "9.6.6",
    "performance": 0.37,
    "accessibility": 1,
    "bestPractices": 0.92,
    "seo": 0.93,
    "total": 322
  },
  "firstContentfulPaint": 3073.4129999999996,
  "firstMeaningfulPaint": 3073.4129999999996,
  "speedIndex": 7235.774643915943,
  "largestContentfulPaint": 4131.9879999999985,
  "totalBlockingTime": 2015.000000000001,
  "cumulativeLayoutShift": 0,
  "timeToInteractive": 16501.476,
  "maxPotentialFirstInputDelay": 1113,
  "timeToFirstByte": 64.48400000000001,
  "weight": {
    "summary": "220 requests • 1,785 KiB",
    "total": 1827496,
    "image": 62819,
    "imageCount": 38,
    "script": 1350928,
    "scriptCount": 39,
    "document": 105592,
    "font": 125675,
    "fontCount": 6,
    "stylesheet": 170325,
    "stylesheetCount": 105,
    "thirdParty": 1297785,
    "thirdPartyCount": 91
  },
  "run": {
    "number": 1,
    "total": 2
  },
  "sidequests": {
    "-weight.total": 3,
    "+weight.total": 5,
    "-weight.document": 4,
    "+weight.document": 4,
    "-weight.script": 3,
    "+weight.script": 5,
    "-weight.image": 4,
    "+weight.image": 4,
    "-weight.font": 3,
    "+weight.font": 5,
    "+weight.fontCount": 4,
    "-timeToFirstByte": 5,
    "-totalBlockingTime": 2,
    "-largestContentfulPaint": 6
  },
  "axe": {
    "passes": 1329,
    "violations": 16
  }
}